istaigos_kodas;gydytojo_ID;laisvos_registracijos_data;iraso_sukurimo_data
300045393;1116152;2020-03-13 07:15;2020-03-11 03:00
300045393;1116152;2020-03-13 07:45;2020-03-11 03:00
300045393;1116152;2020-03-16 14:30;2020-03-11 03:00
300045393;1116152;2020-03-16 14:45;2020-03-11 03:00
300045393;1116152;2020-03-16 18:00;2020-03-11 03:00
300045393;1116152;2020-03-16 18:15;2020-03-11 03:00
300045393;1116152;2020-03-17 07:15;2020-03-11 03:00
300045393;1116152;2020-03-17 07:45;2020-03-11 03:00
300045393;1116152;2020-03-17 08:15;2020-03-11 03:00
300045393;1116152;2020-03-17 08:30;2020-03-11 03:00
300045393;1116152;2020-03-17 08:45;2020-03-11 03:00
300045393;1116152;2020-03-17 12:15;2020-03-11 03:00
300045393;1116152;2020-03-17 12:30;2020-03-11 03:00
300045393;1116152;2020-03-17 12:45;2020-03-11 03:00
300045393;1116152;2020-03-18 07:15;2020-03-11 03:00
300045393;1116152;2020-03-18 07:45;2020-03-11 03:00
300045393;1116152;2020-03-18 08:00;2020-03-11 03:00
300045393;1116152;2020-03-18 08:15;2020-03-11 03:00
300045393;1116152;2020-03-18 08:45;2020-03-11 03:00
300045393;1116152;2020-03-18 12:00;2020-03-11 03:00
300045393;1116152;2020-03-18 12:15;2020-03-11 03:00
300045393;1116152;2020-03-18 12:30;2020-03-11 03:00
300045393;1116152;2020-03-18 12:45;2020-03-11 03:00
300045393;1116152;2020-03-19 13:00;2020-03-11 03:00
300045393;1116152;2020-03-19 13:15;2020-03-11 03:00
300045393;1116152;2020-03-19 13:30;2020-03-11 03:00
300045393;1116152;2020-03-19 17:00;2020-03-11 03:00
300045393;1116152;2020-03-19 17:15;2020-03-11 03:00
300045393;1116152;2020-03-19 17:45;2020-03-11 03:00
300045393;1116152;2020-03-20 18:00;2020-03-11 03:00
300045393;1116152;2020-03-20 18:15;2020-03-11 03:00
300045393;1116152;2020-03-20 18:30;2020-03-11 03:00
300045393;1116152;2020-03-20 18:45;2020-03-11 03:00
300045393;1116152;2020-03-23 07:00;2020-03-11 03:00
300045393;1116152;2020-03-23 07:15;2020-03-11 03:00
300045393;1116152;2020-03-23 07:30;2020-03-11 03:00
300045393;1116152;2020-03-23 07:45;2020-03-11 03:00
300045393;1116152;2020-03-23 08:15;2020-03-11 03:00
300045393;1116152;2020-03-23 08:30;2020-03-11 03:00
300045393;1116152;2020-03-23 08:45;2020-03-11 03:00
300045393;1116152;2020-03-23 12:00;2020-03-11 03:00
300045393;1116152;2020-03-23 12:15;2020-03-11 03:00
300045393;1116152;2020-03-23 12:30;2020-03-11 03:00
300045393;1116152;2020-03-23 12:45;2020-03-11 03:00
300045393;1116152;2020-03-24 14:15;2020-03-11 03:00
300045393;1116152;2020-03-24 14:30;2020-03-11 03:00
300045393;1116152;2020-03-24 14:45;2020-03-11 03:00
300045393;1116152;2020-03-24 18:00;2020-03-11 03:00
300045393;1116152;2020-03-24 18:15;2020-03-11 03:00
300045393;1116152;2020-03-24 18:30;2020-03-11 03:00
300045393;1116152;2020-03-24 18:45;2020-03-11 03:00
300045393;1116152;2020-03-25 07:00;2020-03-11 03:00
300045393;1116152;2020-03-25 07:15;2020-03-11 03:00
300045393;1116152;2020-03-25 07:30;2020-03-11 03:00
300045393;1116152;2020-03-25 07:45;2020-03-11 03:00
300045393;1116152;2020-03-25 08:00;2020-03-11 03:00
300045393;1116152;2020-03-25 08:15;2020-03-11 03:00
300045393;1116152;2020-03-25 08:30;2020-03-11 03:00
300045393;1116152;2020-03-25 08:45;2020-03-11 03:00
300045393;1116152;2020-03-25 12:15;2020-03-11 03:00
300045393;1116152;2020-03-25 12:30;2020-03-11 03:00
300045393;1116152;2020-03-25 12:45;2020-03-11 03:00
300045393;1116152;2020-03-26 14:00;2020-03-11 03:00
300045393;1116152;2020-03-26 14:15;2020-03-11 03:00
300045393;1116152;2020-03-26 14:30;2020-03-11 03:00
300045393;1116152;2020-03-26 14:45;2020-03-11 03:00
300045393;1116152;2020-03-26 18:15;2020-03-11 03:00
300045393;1116152;2020-03-26 18:30;2020-03-11 03:00
300045393;1116152;2020-03-26 18:45;2020-03-11 03:00
300045393;1116152;2020-03-27 07:00;2020-03-11 03:00
300045393;1116152;2020-03-27 07:15;2020-03-11 03:00
300045393;1116152;2020-03-27 07:30;2020-03-11 03:00
300045393;1116152;2020-03-27 07:45;2020-03-11 03:00
300045393;1116152;2020-03-27 08:00;2020-03-11 03:00
300045393;1116152;2020-03-27 08:15;2020-03-11 03:00
300045393;1116152;2020-03-27 08:30;2020-03-11 03:00
300045393;1116152;2020-03-27 08:45;2020-03-11 03:00
300045393;1116152;2020-03-27 12:00;2020-03-11 03:00
300045393;1116152;2020-03-27 12:15;2020-03-11 03:00
300045393;1116152;2020-03-27 12:30;2020-03-11 03:00
300045393;1116152;2020-03-30 14:00;2020-03-11 03:00
300045393;1116152;2020-03-30 14:15;2020-03-11 03:00
300045393;1116152;2020-03-30 14:30;2020-03-11 03:00
300045393;1116152;2020-03-30 14:45;2020-03-11 03:00
300045393;1116152;2020-03-30 18:00;2020-03-11 03:00
300045393;1116152;2020-03-30 18:15;2020-03-11 03:00
300045393;1116152;2020-03-30 18:30;2020-03-11 03:00
300045393;1116152;2020-03-30 18:45;2020-03-11 03:00
300045393;1116152;2020-03-31 07:00;2020-03-11 03:00
300045393;1116152;2020-03-31 07:15;2020-03-11 03:00
300045393;1116152;2020-03-31 07:30;2020-03-11 03:00
300045393;1116152;2020-03-31 07:45;2020-03-11 03:00
300045393;1116152;2020-03-31 08:00;2020-03-11 03:00
300045393;1116152;2020-03-31 08:15;2020-03-11 03:00
300045393;1116152;2020-03-31 08:30;2020-03-11 03:00
300045393;1116152;2020-03-31 08:45;2020-03-11 03:00
300045393;1116152;2020-03-31 12:00;2020-03-11 03:00
300045393;1116152;2020-03-31 12:15;2020-03-11 03:00
300045393;1116152;2020-03-31 12:30;2020-03-11 03:00
300045393;1116152;2020-03-31 12:45;2020-03-11 03:00
300045393;1116152;2020-04-01 07:00;2020-03-11 03:00
300045393;1116152;2020-04-01 07:15;2020-03-11 03:00
300045393;1116152;2020-04-01 07:30;2020-03-11 03:00
300045393;1116152;2020-04-01 07:45;2020-03-11 03:00
300045393;1116152;2020-04-01 08:00;2020-03-11 03:00
300045393;1116152;2020-04-01 08:15;2020-03-11 03:00
300045393;1116152;2020-04-01 08:30;2020-03-11 03:00
300045393;1116152;2020-04-01 08:45;2020-03-11 03:00
300045393;1116152;2020-04-01 12:00;2020-03-11 03:00
300045393;1116152;2020-04-01 12:15;2020-03-11 03:00
300045393;1116152;2020-04-01 12:30;2020-03-11 03:00
300045393;1116152;2020-04-01 12:45;2020-03-11 03:00
300045393;1116152;2020-04-02 14:00;2020-03-11 03:00
300045393;1116152;2020-04-02 14:15;2020-03-11 03:00
300045393;1116152;2020-04-02 14:30;2020-03-11 03:00
300045393;1116152;2020-04-02 14:45;2020-03-11 03:00
300045393;1116152;2020-04-02 18:00;2020-03-11 03:00
300045393;1116152;2020-04-02 18:15;2020-03-11 03:00
300045393;1116152;2020-04-02 18:30;2020-03-11 03:00
300045393;1116152;2020-04-02 18:45;2020-03-11 03:00
300045393;1116152;2020-04-03 07:00;2020-03-11 03:00
300045393;1116152;2020-04-03 07:15;2020-03-11 03:00
300045393;1116152;2020-04-03 07:30;2020-03-11 03:00
300045393;1116152;2020-04-03 07:45;2020-03-11 03:00
300045393;1116152;2020-04-03 08:00;2020-03-11 03:00
300045393;1116152;2020-04-03 08:15;2020-03-11 03:00
300045393;1116152;2020-04-03 08:30;2020-03-11 03:00
300045393;1116152;2020-04-03 08:45;2020-03-11 03:00
300045393;1116152;2020-04-03 12:00;2020-03-11 03:00
300045393;1116152;2020-04-03 12:15;2020-03-11 03:00
300045393;1116152;2020-04-03 12:30;2020-03-11 03:00
300045393;1116152;2020-04-03 12:45;2020-03-11 03:00
300045393;1116152;2020-04-06 14:00;2020-03-11 03:00
300045393;1116152;2020-04-06 14:15;2020-03-11 03:00
300045393;1116152;2020-04-06 14:30;2020-03-11 03:00
300045393;1116152;2020-04-06 14:45;2020-03-11 03:00
300045393;1116152;2020-04-06 18:00;2020-03-11 03:00
300045393;1116152;2020-04-06 18:15;2020-03-11 03:00
300045393;1116152;2020-04-06 18:30;2020-03-11 03:00
300045393;1116152;2020-04-06 18:45;2020-03-11 03:00
300045393;1116152;2020-04-07 07:00;2020-03-11 03:00
300045393;1116152;2020-04-07 07:15;2020-03-11 03:00
300045393;1116152;2020-04-07 07:30;2020-03-11 03:00
300045393;1116152;2020-04-07 07:45;2020-03-11 03:00
300045393;1116152;2020-04-07 08:00;2020-03-11 03:00
300045393;1116152;2020-04-07 08:15;2020-03-11 03:00
300045393;1116152;2020-04-07 08:30;2020-03-11 03:00
300045393;1116152;2020-04-07 08:45;2020-03-11 03:00
300045393;1116152;2020-04-07 12:00;2020-03-11 03:00
300045393;1116152;2020-04-07 12:15;2020-03-11 03:00
300045393;1116152;2020-04-07 12:30;2020-03-11 03:00
300045393;1116152;2020-04-07 12:45;2020-03-11 03:00
300045393;1116152;2020-04-08 14:00;2020-03-11 03:00
300045393;1116152;2020-04-08 14:15;2020-03-11 03:00
300045393;1116152;2020-04-08 14:30;2020-03-11 03:00
300045393;1116152;2020-04-08 14:45;2020-03-11 03:00
300045393;1116152;2020-04-08 18:00;2020-03-11 03:00
300045393;1116152;2020-04-08 18:15;2020-03-11 03:00
300045393;1116152;2020-04-08 18:30;2020-03-11 03:00
300045393;1116152;2020-04-08 18:45;2020-03-11 03:00
300045393;1116152;2020-04-09 07:00;2020-03-11 03:00
300045393;1116152;2020-04-09 07:15;2020-03-11 03:00
300045393;1116152;2020-04-09 07:30;2020-03-11 03:00
300045393;1116152;2020-04-09 07:45;2020-03-11 03:00
300045393;1116152;2020-04-09 08:00;2020-03-11 03:00
300045393;1116152;2020-04-09 08:15;2020-03-11 03:00
300045393;1116152;2020-04-09 08:30;2020-03-11 03:00
300045393;1116152;2020-04-09 08:45;2020-03-11 03:00
300045393;1116152;2020-04-09 12:00;2020-03-11 03:00
300045393;1116152;2020-04-09 12:15;2020-03-11 03:00
300045393;1116152;2020-04-09 12:30;2020-03-11 03:00
300045393;1116152;2020-04-09 12:45;2020-03-11 03:00
300045393;1116152;2020-04-10 14:00;2020-03-11 03:00
300045393;1116152;2020-04-10 14:15;2020-03-11 03:00
300045393;1116152;2020-04-10 14:30;2020-03-11 03:00
300045393;1116152;2020-04-10 14:45;2020-03-11 03:00
300045393;1116152;2020-04-10 18:00;2020-03-11 03:00
300045393;1116152;2020-04-10 18:15;2020-03-11 03:00
300045393;1116152;2020-04-10 18:30;2020-03-11 03:00
300045393;1116152;2020-04-10 18:45;2020-03-11 03:00
300045393;1116152;2020-04-14 14:00;2020-03-11 03:00
300045393;1116152;2020-04-14 14:15;2020-03-11 03:00
300045393;1116152;2020-04-14 14:30;2020-03-11 03:00
300045393;1116152;2020-04-14 14:45;2020-03-11 03:00
300045393;1116152;2020-04-14 18:00;2020-03-11 03:00
300045393;1116152;2020-04-14 18:15;2020-03-11 03:00
300045393;1116152;2020-04-14 18:30;2020-03-11 03:00
300045393;1116152;2020-04-14 18:45;2020-03-11 03:00
300045393;1116152;2020-04-15 07:00;2020-03-11 03:00
300045393;1116152;2020-04-15 07:15;2020-03-11 03:00
300045393;1116152;2020-04-15 07:30;2020-03-11 03:00
300045393;1116152;2020-04-15 07:45;2020-03-11 03:00
300045393;1116152;2020-04-15 08:00;2020-03-11 03:00
300045393;1116152;2020-04-15 08:15;2020-03-11 03:00
300045393;1116152;2020-04-15 08:30;2020-03-11 03:00
300045393;1116152;2020-04-15 08:45;2020-03-11 03:00
300045393;1116152;2020-04-15 12:00;2020-03-11 03:00
300045393;1116152;2020-04-15 12:15;2020-03-11 03:00
300045393;1116152;2020-04-15 12:30;2020-03-11 03:00
300045393;1116152;2020-04-15 12:45;2020-03-11 03:00
300045393;1116152;2020-04-16 14:00;2020-03-11 03:00
300045393;1116152;2020-04-16 14:15;2020-03-11 03:00
300045393;1116152;2020-04-16 14:30;2020-03-11 03:00
300045393;1116152;2020-04-16 14:45;2020-03-11 03:00
300045393;1116152;2020-04-16 18:00;2020-03-11 03:00
300045393;1116152;2020-04-16 18:15;2020-03-11 03:00
300045393;1116152;2020-04-16 18:30;2020-03-11 03:00
300045393;1116152;2020-04-16 18:45;2020-03-11 03:00
300045393;1116152;2020-04-17 07:00;2020-03-11 03:00
300045393;1116152;2020-04-17 07:15;2020-03-11 03:00
300045393;1116152;2020-04-17 07:30;2020-03-11 03:00
300045393;1116152;2020-04-17 07:45;2020-03-11 03:00
300045393;1116152;2020-04-17 08:00;2020-03-11 03:00
300045393;1116152;2020-04-17 08:15;2020-03-11 03:00
300045393;1116152;2020-04-17 08:30;2020-03-11 03:00
300045393;1116152;2020-04-17 08:45;2020-03-11 03:00
300045393;1116152;2020-04-17 12:00;2020-03-11 03:00
300045393;1116152;2020-04-17 12:15;2020-03-11 03:00
300045393;1116152;2020-04-17 12:30;2020-03-11 03:00
300045393;1116152;2020-04-17 12:45;2020-03-11 03:00
300045393;1116152;2020-04-20 14:00;2020-03-11 03:00
300045393;1116152;2020-04-20 14:15;2020-03-11 03:00
300045393;1116152;2020-04-20 14:30;2020-03-11 03:00
300045393;1116152;2020-04-20 14:45;2020-03-11 03:00
300045393;1116152;2020-04-20 18:00;2020-03-11 03:00
300045393;1116152;2020-04-20 18:15;2020-03-11 03:00
300045393;1116152;2020-04-20 18:30;2020-03-11 03:00
300045393;1116152;2020-04-20 18:45;2020-03-11 03:00
300045393;1116152;2020-04-21 07:00;2020-03-11 03:00
300045393;1116152;2020-04-21 07:15;2020-03-11 03:00
300045393;1116152;2020-04-21 07:30;2020-03-11 03:00
300045393;1116152;2020-04-21 07:45;2020-03-11 03:00
300045393;1116152;2020-04-21 08:00;2020-03-11 03:00
300045393;1116152;2020-04-21 08:15;2020-03-11 03:00
300045393;1116152;2020-04-21 08:30;2020-03-11 03:00
300045393;1116152;2020-04-21 08:45;2020-03-11 03:00
300045393;1116152;2020-04-21 12:00;2020-03-11 03:00
300045393;1116152;2020-04-21 12:15;2020-03-11 03:00
300045393;1116152;2020-04-21 12:30;2020-03-11 03:00
300045393;1116152;2020-04-21 12:45;2020-03-11 03:00
300045393;1116152;2020-04-22 14:00;2020-03-11 03:00
300045393;1116152;2020-04-22 14:15;2020-03-11 03:00
300045393;1116152;2020-04-22 14:30;2020-03-11 03:00
300045393;1116152;2020-04-22 14:45;2020-03-11 03:00
300045393;1116152;2020-04-22 18:00;2020-03-11 03:00
300045393;1116152;2020-04-22 18:15;2020-03-11 03:00
300045393;1116152;2020-04-22 18:30;2020-03-11 03:00
300045393;1116152;2020-04-22 18:45;2020-03-11 03:00
300045393;1116152;2020-04-23 07:00;2020-03-11 03:00
300045393;1116152;2020-04-23 07:15;2020-03-11 03:00
300045393;1116152;2020-04-23 07:30;2020-03-11 03:00
300045393;1116152;2020-04-23 07:45;2020-03-11 03:00
300045393;1116152;2020-04-23 08:00;2020-03-11 03:00
300045393;1116152;2020-04-23 08:15;2020-03-11 03:00
300045393;1116152;2020-04-23 08:30;2020-03-11 03:00
300045393;1116152;2020-04-23 08:45;2020-03-11 03:00
300045393;1116152;2020-04-23 12:00;2020-03-11 03:00
300045393;1116152;2020-04-23 12:15;2020-03-11 03:00
300045393;1116152;2020-04-23 12:30;2020-03-11 03:00
300045393;1116152;2020-04-23 12:45;2020-03-11 03:00
300045393;1116152;2020-04-24 14:00;2020-03-11 03:00
300045393;1116152;2020-04-24 14:15;2020-03-11 03:00
300045393;1116152;2020-04-24 14:30;2020-03-11 03:00
300045393;1116152;2020-04-24 14:45;2020-03-11 03:00
300045393;1116152;2020-04-24 18:00;2020-03-11 03:00
300045393;1116152;2020-04-24 18:15;2020-03-11 03:00
300045393;1116152;2020-04-24 18:30;2020-03-11 03:00
300045393;1116152;2020-04-24 18:45;2020-03-11 03:00
300045393;1116152;2020-04-27 07:00;2020-03-11 03:00
300045393;1116152;2020-04-27 07:15;2020-03-11 03:00
300045393;1116152;2020-04-27 07:30;2020-03-11 03:00
300045393;1116152;2020-04-27 07:45;2020-03-11 03:00
300045393;1116152;2020-04-27 08:00;2020-03-11 03:00
300045393;1116152;2020-04-27 08:15;2020-03-11 03:00
300045393;1116152;2020-04-27 08:30;2020-03-11 03:00
300045393;1116152;2020-04-27 08:45;2020-03-11 03:00
300045393;1116152;2020-04-27 12:00;2020-03-11 03:00
300045393;1116152;2020-04-27 12:15;2020-03-11 03:00
300045393;1116152;2020-04-27 12:30;2020-03-11 03:00
300045393;1116152;2020-04-27 12:45;2020-03-11 03:00
300045393;1116152;2020-04-28 14:00;2020-03-11 03:00
300045393;1116152;2020-04-28 14:15;2020-03-11 03:00
300045393;1116152;2020-04-28 14:30;2020-03-11 03:00
300045393;1116152;2020-04-28 14:45;2020-03-11 03:00
300045393;1116152;2020-04-28 18:00;2020-03-11 03:00
300045393;1116152;2020-04-28 18:15;2020-03-11 03:00
300045393;1116152;2020-04-28 18:30;2020-03-11 03:00
300045393;1116152;2020-04-28 18:45;2020-03-11 03:00
300045393;1116152;2020-04-29 07:00;2020-03-11 03:00
300045393;1116152;2020-04-29 07:15;2020-03-11 03:00
300045393;1116152;2020-04-29 07:30;2020-03-11 03:00
300045393;1116152;2020-04-29 07:45;2020-03-11 03:00
300045393;1116152;2020-04-29 08:00;2020-03-11 03:00
300045393;1116152;2020-04-29 08:15;2020-03-11 03:00
300045393;1116152;2020-04-29 08:30;2020-03-11 03:00
300045393;1116152;2020-04-29 08:45;2020-03-11 03:00
300045393;1116152;2020-04-29 12:00;2020-03-11 03:00
300045393;1116152;2020-04-29 12:15;2020-03-11 03:00
300045393;1116152;2020-04-29 12:30;2020-03-11 03:00
300045393;1116152;2020-04-29 12:45;2020-03-11 03:00
300045393;1116152;2020-04-30 14:00;2020-03-11 03:00
300045393;1116152;2020-04-30 14:15;2020-03-11 03:00
300045393;1116152;2020-04-30 14:30;2020-03-11 03:00
300045393;1116152;2020-04-30 14:45;2020-03-11 03:00
300045393;1116152;2020-04-30 18:00;2020-03-11 03:00
300045393;1116152;2020-04-30 18:15;2020-03-11 03:00
300045393;1116152;2020-04-30 18:30;2020-03-11 03:00
300045393;1116152;2020-04-30 18:45;2020-03-11 03:00
300045393;1116152;2020-05-04 14:00;2020-03-11 03:00
300045393;1116152;2020-05-04 14:15;2020-03-11 03:00
300045393;1116152;2020-05-04 14:30;2020-03-11 03:00
300045393;1116152;2020-05-04 14:45;2020-03-11 03:00
300045393;1116152;2020-05-04 18:00;2020-03-11 03:00
300045393;1116152;2020-05-04 18:15;2020-03-11 03:00
300045393;1116152;2020-05-04 18:30;2020-03-11 03:00
300045393;1116152;2020-05-04 18:45;2020-03-11 03:00
300045393;1116152;2020-05-05 07:00;2020-03-11 03:00
300045393;1116152;2020-05-05 07:15;2020-03-11 03:00
300045393;1116152;2020-05-05 07:30;2020-03-11 03:00
300045393;1116152;2020-05-05 07:45;2020-03-11 03:00
300045393;1116152;2020-05-05 08:00;2020-03-11 03:00
300045393;1116152;2020-05-05 08:15;2020-03-11 03:00
300045393;1116152;2020-05-05 08:30;2020-03-11 03:00
300045393;1116152;2020-05-05 08:45;2020-03-11 03:00
300045393;1116152;2020-05-05 12:00;2020-03-11 03:00
300045393;1116152;2020-05-05 12:15;2020-03-11 03:00
300045393;1116152;2020-05-05 12:30;2020-03-11 03:00
300045393;1116152;2020-05-05 12:45;2020-03-11 03:00
300045393;1116152;2020-05-06 14:00;2020-03-11 03:00
300045393;1116152;2020-05-06 14:15;2020-03-11 03:00
300045393;1116152;2020-05-06 14:30;2020-03-11 03:00
300045393;1116152;2020-05-06 14:45;2020-03-11 03:00
300045393;1116152;2020-05-06 18:00;2020-03-11 03:00
300045393;1116152;2020-05-06 18:15;2020-03-11 03:00
300045393;1116152;2020-05-06 18:30;2020-03-11 03:00
300045393;1116152;2020-05-06 18:45;2020-03-11 03:00
300045393;1116152;2020-05-07 07:00;2020-03-11 03:00
300045393;1116152;2020-05-07 07:15;2020-03-11 03:00
300045393;1116152;2020-05-07 07:30;2020-03-11 03:00
300045393;1116152;2020-05-07 07:45;2020-03-11 03:00
300045393;1116152;2020-05-07 08:00;2020-03-11 03:00
300045393;1116152;2020-05-07 08:15;2020-03-11 03:00
300045393;1116152;2020-05-07 08:30;2020-03-11 03:00
300045393;1116152;2020-05-07 08:45;2020-03-11 03:00
300045393;1116152;2020-05-07 12:00;2020-03-11 03:00
300045393;1116152;2020-05-07 12:15;2020-03-11 03:00
300045393;1116152;2020-05-07 12:30;2020-03-11 03:00
300045393;1116152;2020-05-07 12:45;2020-03-11 03:00
300045393;1116152;2020-05-08 14:00;2020-03-11 03:00
300045393;1116152;2020-05-08 14:15;2020-03-11 03:00
300045393;1116152;2020-05-08 14:30;2020-03-11 03:00
300045393;1116152;2020-05-08 14:45;2020-03-11 03:00
300045393;1116152;2020-05-08 18:00;2020-03-11 03:00
300045393;1116152;2020-05-08 18:15;2020-03-11 03:00
300045393;1116152;2020-05-08 18:30;2020-03-11 03:00
300045393;1116152;2020-05-08 18:45;2020-03-11 03:00
300045393;1116152;2020-05-11 07:00;2020-03-11 03:00
300045393;1116152;2020-05-11 07:15;2020-03-11 03:00
300045393;1116152;2020-05-11 07:30;2020-03-11 03:00
300045393;1116152;2020-05-11 07:45;2020-03-11 03:00
300045393;1116152;2020-05-11 08:00;2020-03-11 03:00
300045393;1116152;2020-05-11 08:15;2020-03-11 03:00
300045393;1116152;2020-05-11 08:30;2020-03-11 03:00
300045393;1116152;2020-05-11 08:45;2020-03-11 03:00
300045393;1116152;2020-05-11 12:00;2020-03-11 03:00
300045393;1116152;2020-05-11 12:15;2020-03-11 03:00
300045393;1116152;2020-05-11 12:30;2020-03-11 03:00
300045393;1116152;2020-05-11 12:45;2020-03-11 03:00
300045393;1116152;2020-05-12 14:00;2020-03-11 03:00
300045393;1116152;2020-05-12 14:15;2020-03-11 03:00
300045393;1116152;2020-05-12 14:30;2020-03-11 03:00
300045393;1116152;2020-05-12 14:45;2020-03-11 03:00
300045393;1116152;2020-05-12 18:00;2020-03-11 03:00
300045393;1116152;2020-05-12 18:15;2020-03-11 03:00
300045393;1116152;2020-05-12 18:30;2020-03-11 03:00
300045393;1116152;2020-05-12 18:45;2020-03-11 03:00
300045393;1116152;2020-05-13 07:00;2020-03-11 03:00
300045393;1116152;2020-05-13 07:15;2020-03-11 03:00
300045393;1116152;2020-05-13 07:30;2020-03-11 03:00
300045393;1116152;2020-05-13 07:45;2020-03-11 03:00
300045393;1116152;2020-05-13 08:00;2020-03-11 03:00
300045393;1116152;2020-05-13 08:15;2020-03-11 03:00
300045393;1116152;2020-05-13 08:30;2020-03-11 03:00
300045393;1116152;2020-05-13 08:45;2020-03-11 03:00
300045393;1116152;2020-05-13 12:00;2020-03-11 03:00
300045393;1116152;2020-05-13 12:15;2020-03-11 03:00
300045393;1116152;2020-05-13 12:30;2020-03-11 03:00
300045393;1116152;2020-05-13 12:45;2020-03-11 03:00
300045393;1116152;2020-05-14 14:00;2020-03-11 03:00
300045393;1116152;2020-05-14 14:15;2020-03-11 03:00
300045393;1116152;2020-05-14 14:30;2020-03-11 03:00
300045393;1116152;2020-05-14 14:45;2020-03-11 03:00
300045393;1116152;2020-05-14 18:00;2020-03-11 03:00
300045393;1116152;2020-05-14 18:15;2020-03-11 03:00
300045393;1116152;2020-05-14 18:30;2020-03-11 03:00
300045393;1116152;2020-05-14 18:45;2020-03-11 03:00
300045393;1116152;2020-05-15 07:00;2020-03-11 03:00
300045393;1116152;2020-05-15 07:15;2020-03-11 03:00
300045393;1116152;2020-05-15 07:30;2020-03-11 03:00
300045393;1116152;2020-05-15 07:45;2020-03-11 03:00
300045393;1116152;2020-05-15 08:00;2020-03-11 03:00
300045393;1116152;2020-05-15 08:15;2020-03-11 03:00
300045393;1116152;2020-05-15 08:30;2020-03-11 03:00
300045393;1116152;2020-05-15 08:45;2020-03-11 03:00
300045393;1116152;2020-05-15 12:00;2020-03-11 03:00
300045393;1116152;2020-05-15 12:15;2020-03-11 03:00
300045393;1116152;2020-05-15 12:30;2020-03-11 03:00
300045393;1116152;2020-05-15 12:45;2020-03-11 03:00
300045393;1116152;2020-05-18 14:00;2020-03-11 03:00
300045393;1116152;2020-05-18 14:15;2020-03-11 03:00
300045393;1116152;2020-05-18 14:30;2020-03-11 03:00
300045393;1116152;2020-05-18 14:45;2020-03-11 03:00
300045393;1116152;2020-05-18 18:00;2020-03-11 03:00
300045393;1116152;2020-05-18 18:15;2020-03-11 03:00
300045393;1116152;2020-05-18 18:30;2020-03-11 03:00
300045393;1116152;2020-05-18 18:45;2020-03-11 03:00
300045393;1116152;2020-05-19 07:00;2020-03-11 03:00
300045393;1116152;2020-05-19 07:15;2020-03-11 03:00
300045393;1116152;2020-05-19 07:30;2020-03-11 03:00
300045393;1116152;2020-05-19 07:45;2020-03-11 03:00
300045393;1116152;2020-05-19 08:00;2020-03-11 03:00
300045393;1116152;2020-05-19 08:15;2020-03-11 03:00
300045393;1116152;2020-05-19 08:30;2020-03-11 03:00
300045393;1116152;2020-05-19 08:45;2020-03-11 03:00
300045393;1116152;2020-05-19 12:00;2020-03-11 03:00
300045393;1116152;2020-05-19 12:15;2020-03-11 03:00
300045393;1116152;2020-05-19 12:30;2020-03-11 03:00
300045393;1116152;2020-05-19 12:45;2020-03-11 03:00
300045393;1116152;2020-05-20 14:00;2020-03-11 03:00
300045393;1116152;2020-05-20 14:15;2020-03-11 03:00
300045393;1116152;2020-05-20 14:30;2020-03-11 03:00
300045393;1116152;2020-05-20 14:45;2020-03-11 03:00
300045393;1116152;2020-05-20 18:00;2020-03-11 03:00
300045393;1116152;2020-05-20 18:15;2020-03-11 03:00
300045393;1116152;2020-05-20 18:30;2020-03-11 03:00
300045393;1116152;2020-05-20 18:45;2020-03-11 03:00
300045393;1116152;2020-05-21 07:00;2020-03-11 03:00
300045393;1116152;2020-05-21 07:15;2020-03-11 03:00
300045393;1116152;2020-05-21 07:30;2020-03-11 03:00
300045393;1116152;2020-05-21 07:45;2020-03-11 03:00
300045393;1116152;2020-05-21 08:00;2020-03-11 03:00
300045393;1116152;2020-05-21 08:15;2020-03-11 03:00
300045393;1116152;2020-05-21 08:30;2020-03-11 03:00
300045393;1116152;2020-05-21 08:45;2020-03-11 03:00
300045393;1116152;2020-05-21 12:00;2020-03-11 03:00
300045393;1116152;2020-05-21 12:15;2020-03-11 03:00
300045393;1116152;2020-05-21 12:30;2020-03-11 03:00
300045393;1116152;2020-05-21 12:45;2020-03-11 03:00
300045393;1116152;2020-05-22 14:00;2020-03-11 03:00
300045393;1116152;2020-05-22 14:15;2020-03-11 03:00
300045393;1116152;2020-05-22 14:30;2020-03-11 03:00
300045393;1116152;2020-05-22 14:45;2020-03-11 03:00
300045393;1116152;2020-05-22 18:00;2020-03-11 03:00
300045393;1116152;2020-05-22 18:15;2020-03-11 03:00
300045393;1116152;2020-05-22 18:30;2020-03-11 03:00
300045393;1116152;2020-05-22 18:45;2020-03-11 03:00
300045393;1116152;2020-05-25 07:00;2020-03-11 03:00
300045393;1116152;2020-05-25 07:15;2020-03-11 03:00
300045393;1116152;2020-05-25 07:30;2020-03-11 03:00
300045393;1116152;2020-05-25 07:45;2020-03-11 03:00
300045393;1116152;2020-05-25 08:00;2020-03-11 03:00
300045393;1116152;2020-05-25 08:15;2020-03-11 03:00
300045393;1116152;2020-05-25 08:30;2020-03-11 03:00
300045393;1116152;2020-05-25 08:45;2020-03-11 03:00
300045393;1116152;2020-05-25 12:00;2020-03-11 03:00
300045393;1116152;2020-05-25 12:15;2020-03-11 03:00
300045393;1116152;2020-05-25 12:30;2020-03-11 03:00
300045393;1116152;2020-05-25 12:45;2020-03-11 03:00
300045393;1116152;2020-05-26 14:00;2020-03-11 03:00
300045393;1116152;2020-05-26 14:15;2020-03-11 03:00
300045393;1116152;2020-05-26 14:30;2020-03-11 03:00
300045393;1116152;2020-05-26 14:45;2020-03-11 03:00
300045393;1116152;2020-05-26 18:00;2020-03-11 03:00
300045393;1116152;2020-05-26 18:15;2020-03-11 03:00
300045393;1116152;2020-05-26 18:30;2020-03-11 03:00
300045393;1116152;2020-05-26 18:45;2020-03-11 03:00
300045393;1116152;2020-05-27 07:00;2020-03-11 03:00
300045393;1116152;2020-05-27 07:15;2020-03-11 03:00
300045393;1116152;2020-05-27 07:30;2020-03-11 03:00
300045393;1116152;2020-05-27 07:45;2020-03-11 03:00
300045393;1116152;2020-05-27 08:00;2020-03-11 03:00
300045393;1116152;2020-05-27 08:15;2020-03-11 03:00
300045393;1116152;2020-05-27 08:30;2020-03-11 03:00
300045393;1116152;2020-05-27 08:45;2020-03-11 03:00
300045393;1116152;2020-05-27 12:00;2020-03-11 03:00
300045393;1116152;2020-05-27 12:15;2020-03-11 03:00
300045393;1116152;2020-05-27 12:30;2020-03-11 03:00
300045393;1116152;2020-05-27 12:45;2020-03-11 03:00
300045393;1116152;2020-05-28 14:00;2020-03-11 03:00
300045393;1116152;2020-05-28 14:15;2020-03-11 03:00
300045393;1116152;2020-05-28 14:30;2020-03-11 03:00
300045393;1116152;2020-05-28 14:45;2020-03-11 03:00
300045393;1116152;2020-05-28 18:00;2020-03-11 03:00
300045393;1116152;2020-05-28 18:15;2020-03-11 03:00
300045393;1116152;2020-05-28 18:30;2020-03-11 03:00
300045393;1116152;2020-05-28 18:45;2020-03-11 03:00
300045393;1116152;2020-05-29 07:00;2020-03-11 03:00
300045393;1116152;2020-05-29 07:15;2020-03-11 03:00
300045393;1116152;2020-05-29 07:30;2020-03-11 03:00
300045393;1116152;2020-05-29 07:45;2020-03-11 03:00
300045393;1116152;2020-05-29 08:00;2020-03-11 03:00
300045393;1116152;2020-05-29 08:15;2020-03-11 03:00
300045393;1116152;2020-05-29 08:30;2020-03-11 03:00
300045393;1116152;2020-05-29 08:45;2020-03-11 03:00
300045393;1116152;2020-05-29 12:00;2020-03-11 03:00
300045393;1116152;2020-05-29 12:15;2020-03-11 03:00
300045393;1116152;2020-05-29 12:30;2020-03-11 03:00
300045393;1116152;2020-05-29 12:45;2020-03-11 03:00
300045393;1110721;2020-03-13 12:15;2020-03-11 03:00
300045393;1110721;2020-03-13 12:30;2020-03-11 03:00
300045393;1110721;2020-03-13 15:15;2020-03-11 03:00
300045393;1110721;2020-03-13 15:30;2020-03-11 03:00
300045393;1110721;2020-03-16 09:45;2020-03-11 03:00
300045393;1110721;2020-03-16 10:00;2020-03-11 03:00
300045393;1110721;2020-03-16 10:15;2020-03-11 03:00
300045393;1110721;2020-03-16 10:30;2020-03-11 03:00
300045393;1110721;2020-03-16 10:45;2020-03-11 03:00
300045393;1110721;2020-03-16 13:15;2020-03-11 03:00
300045393;1110721;2020-03-16 13:30;2020-03-11 03:00
300045393;1110721;2020-03-16 13:45;2020-03-11 03:00
300045393;1110721;2020-03-17 12:00;2020-03-11 03:00
300045393;1110721;2020-03-17 12:15;2020-03-11 03:00
300045393;1110721;2020-03-17 12:30;2020-03-11 03:00
300045393;1110721;2020-03-17 12:45;2020-03-11 03:00
300045393;1110721;2020-03-17 15:00;2020-03-11 03:00
300045393;1110721;2020-03-17 15:15;2020-03-11 03:00
300045393;1110721;2020-03-17 15:30;2020-03-11 03:00
300045393;1110721;2020-03-17 15:45;2020-03-11 03:00
300045393;1110721;2020-03-18 17:00;2020-03-11 03:00
300045393;1110721;2020-03-18 17:30;2020-03-11 03:00
300045393;1110721;2020-03-18 17:45;2020-03-11 03:00
300045393;1110721;2020-03-18 18:00;2020-03-11 03:00
300045393;1110721;2020-03-18 18:15;2020-03-11 03:00
300045393;1110721;2020-03-18 18:30;2020-03-11 03:00
300045393;1110721;2020-03-18 18:45;2020-03-11 03:00
300045393;1110721;2020-03-19 09:00;2020-03-11 03:00
300045393;1110721;2020-03-19 09:15;2020-03-11 03:00
300045393;1110721;2020-03-19 09:30;2020-03-11 03:00
300045393;1110721;2020-03-19 09:45;2020-03-11 03:00
300045393;1110721;2020-03-19 10:00;2020-03-11 03:00
300045393;1110721;2020-03-19 10:15;2020-03-11 03:00
300045393;1110721;2020-03-19 10:30;2020-03-11 03:00
300045393;1110721;2020-03-19 10:45;2020-03-11 03:00
300045393;1110721;2020-03-19 13:30;2020-03-11 03:00
300045393;1110721;2020-03-20 09:15;2020-03-11 03:00
300045393;1110721;2020-03-20 09:30;2020-03-11 03:00
300045393;1110721;2020-03-20 09:45;2020-03-11 03:00
300045393;1110721;2020-03-20 10:00;2020-03-11 03:00
300045393;1110721;2020-03-20 10:15;2020-03-11 03:00
300045393;1110721;2020-03-20 10:30;2020-03-11 03:00
300045393;1110721;2020-03-20 10:45;2020-03-11 03:00
300045393;1110721;2020-03-20 13:00;2020-03-11 03:00
300045393;1110721;2020-03-20 13:15;2020-03-11 03:00
300045393;1110721;2020-03-20 13:30;2020-03-11 03:00
300045393;1110721;2020-03-23 11:00;2020-03-11 03:00
300045393;1110721;2020-03-23 11:15;2020-03-11 03:00
300045393;1110721;2020-03-23 11:30;2020-03-11 03:00
300045393;1110721;2020-03-23 11:45;2020-03-11 03:00
300045393;1110721;2020-03-23 12:00;2020-03-11 03:00
300045393;1110721;2020-03-23 12:15;2020-03-11 03:00
300045393;1110721;2020-03-23 12:30;2020-03-11 03:00
300045393;1110721;2020-03-23 12:45;2020-03-11 03:00
300045393;1110721;2020-03-23 15:00;2020-03-11 03:00
300045393;1110721;2020-03-23 15:15;2020-03-11 03:00
300045393;1110721;2020-03-23 15:30;2020-03-11 03:00
300045393;1110721;2020-03-23 15:45;2020-03-11 03:00
300045393;1110721;2020-03-24 09:00;2020-03-11 03:00
300045393;1110721;2020-03-24 09:15;2020-03-11 03:00
300045393;1110721;2020-03-24 09:30;2020-03-11 03:00
300045393;1110721;2020-03-24 09:45;2020-03-11 03:00
300045393;1110721;2020-03-24 10:00;2020-03-11 03:00
300045393;1110721;2020-03-24 10:15;2020-03-11 03:00
300045393;1110721;2020-03-24 10:30;2020-03-11 03:00
300045393;1110721;2020-03-24 10:45;2020-03-11 03:00
300045393;1110721;2020-03-24 13:00;2020-03-11 03:00
300045393;1110721;2020-03-24 13:15;2020-03-11 03:00
300045393;1110721;2020-03-24 13:30;2020-03-11 03:00
300045393;1110721;2020-03-24 13:45;2020-03-11 03:00
300045393;1110721;2020-03-25 12:00;2020-03-11 03:00
300045393;1110721;2020-03-25 12:15;2020-03-11 03:00
300045393;1110721;2020-03-25 12:30;2020-03-11 03:00
300045393;1110721;2020-03-25 12:45;2020-03-11 03:00
300045393;1110721;2020-03-25 14:00;2020-03-11 03:00
300045393;1110721;2020-03-25 14:15;2020-03-11 03:00
300045393;1110721;2020-03-25 14:30;2020-03-11 03:00
300045393;1110721;2020-03-25 14:45;2020-03-11 03:00
300045393;1110721;2020-03-25 15:00;2020-03-11 03:00
300045393;1110721;2020-03-25 15:15;2020-03-11 03:00
300045393;1110721;2020-03-25 15:30;2020-03-11 03:00
300045393;1110721;2020-03-25 15:45;2020-03-11 03:00
300045393;1110721;2020-03-25 17:15;2020-03-11 03:00
300045393;1110721;2020-03-25 17:30;2020-03-11 03:00
300045393;1110721;2020-03-25 17:45;2020-03-11 03:00
300045393;1110721;2020-03-26 09:00;2020-03-11 03:00
300045393;1110721;2020-03-26 09:15;2020-03-11 03:00
300045393;1110721;2020-03-26 09:30;2020-03-11 03:00
300045393;1110721;2020-03-26 09:45;2020-03-11 03:00
300045393;1110721;2020-03-26 10:00;2020-03-11 03:00
300045393;1110721;2020-03-26 10:15;2020-03-11 03:00
300045393;1110721;2020-03-26 10:30;2020-03-11 03:00
300045393;1110721;2020-03-26 10:45;2020-03-11 03:00
300045393;1110721;2020-03-26 13:00;2020-03-11 03:00
300045393;1110721;2020-03-26 13:15;2020-03-11 03:00
300045393;1110721;2020-03-26 13:30;2020-03-11 03:00
300045393;1110721;2020-03-26 13:45;2020-03-11 03:00
300045393;1110721;2020-03-27 11:15;2020-03-11 03:00
300045393;1110721;2020-03-27 11:30;2020-03-11 03:00
300045393;1110721;2020-03-27 11:45;2020-03-11 03:00
300045393;1110721;2020-03-27 12:00;2020-03-11 03:00
300045393;1110721;2020-03-27 12:15;2020-03-11 03:00
300045393;1110721;2020-03-27 12:30;2020-03-11 03:00
300045393;1110721;2020-03-27 12:45;2020-03-11 03:00
300045393;1110721;2020-03-27 15:00;2020-03-11 03:00
300045393;1110721;2020-03-27 15:15;2020-03-11 03:00
300045393;1110721;2020-03-27 15:30;2020-03-11 03:00
300045393;1110721;2020-03-27 15:45;2020-03-11 03:00
300045393;1110721;2020-03-30 09:00;2020-03-11 03:00
300045393;1110721;2020-03-30 09:15;2020-03-11 03:00
300045393;1110721;2020-03-30 09:30;2020-03-11 03:00
300045393;1110721;2020-03-30 09:45;2020-03-11 03:00
300045393;1110721;2020-03-30 10:00;2020-03-11 03:00
300045393;1110721;2020-03-30 10:15;2020-03-11 03:00
300045393;1110721;2020-03-30 10:30;2020-03-11 03:00
300045393;1110721;2020-03-30 10:45;2020-03-11 03:00
300045393;1110721;2020-03-30 13:00;2020-03-11 03:00
300045393;1110721;2020-03-30 13:15;2020-03-11 03:00
300045393;1110721;2020-03-30 13:30;2020-03-11 03:00
300045393;1110721;2020-03-30 13:45;2020-03-11 03:00
300045393;1110721;2020-04-01 14:00;2020-03-11 03:00
300045393;1110721;2020-04-01 14:15;2020-03-11 03:00
300045393;1110721;2020-04-01 14:30;2020-03-11 03:00
300045393;1110721;2020-04-01 14:45;2020-03-11 03:00
300045393;1110721;2020-04-01 18:00;2020-03-11 03:00
300045393;1110721;2020-04-01 18:15;2020-03-11 03:00
300045393;1110721;2020-04-01 18:30;2020-03-11 03:00
300045393;1110721;2020-04-01 18:45;2020-03-11 03:00
300045393;1110721;2020-04-02 09:00;2020-03-11 03:00
300045393;1110721;2020-04-02 09:15;2020-03-11 03:00
300045393;1110721;2020-04-02 09:30;2020-03-11 03:00
300045393;1110721;2020-04-02 09:45;2020-03-11 03:00
300045393;1110721;2020-04-02 10:00;2020-03-11 03:00
300045393;1110721;2020-04-02 10:15;2020-03-11 03:00
300045393;1110721;2020-04-02 10:30;2020-03-11 03:00
300045393;1110721;2020-04-02 10:45;2020-03-11 03:00
300045393;1110721;2020-04-02 13:15;2020-03-11 03:00
300045393;1110721;2020-04-02 13:30;2020-03-11 03:00
300045393;1110721;2020-04-02 13:45;2020-03-11 03:00
300045393;1110721;2020-04-03 11:00;2020-03-11 03:00
300045393;1110721;2020-04-03 11:15;2020-03-11 03:00
300045393;1110721;2020-04-03 11:30;2020-03-11 03:00
300045393;1110721;2020-04-03 11:45;2020-03-11 03:00
300045393;1110721;2020-04-03 12:00;2020-03-11 03:00
300045393;1110721;2020-04-03 12:15;2020-03-11 03:00
300045393;1110721;2020-04-03 12:30;2020-03-11 03:00
300045393;1110721;2020-04-03 12:45;2020-03-11 03:00
300045393;1110721;2020-04-03 16:00;2020-03-11 03:00
300045393;1110721;2020-04-03 16:15;2020-03-11 03:00
300045393;1110721;2020-04-03 16:30;2020-03-11 03:00
300045393;1110721;2020-04-06 09:15;2020-03-11 03:00
300045393;1110721;2020-04-06 09:30;2020-03-11 03:00
300045393;1110721;2020-04-06 09:45;2020-03-11 03:00
300045393;1110721;2020-04-06 10:00;2020-03-11 03:00
300045393;1110721;2020-04-06 10:15;2020-03-11 03:00
300045393;1110721;2020-04-06 10:30;2020-03-11 03:00
300045393;1110721;2020-04-06 10:45;2020-03-11 03:00
300045393;1110721;2020-04-06 13:00;2020-03-11 03:00
300045393;1110721;2020-04-06 13:15;2020-03-11 03:00
300045393;1110721;2020-04-06 13:30;2020-03-11 03:00
300045393;1110721;2020-04-06 13:45;2020-03-11 03:00
300045393;1110721;2020-04-07 11:00;2020-03-11 03:00
300045393;1110721;2020-04-07 11:15;2020-03-11 03:00
300045393;1110721;2020-04-07 11:30;2020-03-11 03:00
300045393;1110721;2020-04-07 11:45;2020-03-11 03:00
300045393;1110721;2020-04-07 12:00;2020-03-11 03:00
300045393;1110721;2020-04-07 12:15;2020-03-11 03:00
300045393;1110721;2020-04-07 12:30;2020-03-11 03:00
300045393;1110721;2020-04-07 12:45;2020-03-11 03:00
300045393;1110721;2020-04-08 09:30;2020-03-11 03:00
300045393;1110721;2020-04-08 09:45;2020-03-11 03:00
300045393;1110721;2020-04-08 10:00;2020-03-11 03:00
300045393;1110721;2020-04-08 10:15;2020-03-11 03:00
300045393;1110721;2020-04-08 10:30;2020-03-11 03:00
300045393;1110721;2020-04-08 10:45;2020-03-11 03:00
300045393;1110721;2020-04-08 13:00;2020-03-11 03:00
300045393;1110721;2020-04-08 13:15;2020-03-11 03:00
300045393;1110721;2020-04-08 13:30;2020-03-11 03:00
300045393;1110721;2020-04-08 13:45;2020-03-11 03:00
300045393;1110721;2020-04-09 14:00;2020-03-11 03:00
300045393;1110721;2020-04-09 14:15;2020-03-11 03:00
300045393;1110721;2020-04-09 14:30;2020-03-11 03:00
300045393;1110721;2020-04-09 14:45;2020-03-11 03:00
300045393;1110721;2020-04-09 18:00;2020-03-11 03:00
300045393;1110721;2020-04-09 18:15;2020-03-11 03:00
300045393;1110721;2020-04-09 18:30;2020-03-11 03:00
300045393;1110721;2020-04-09 18:45;2020-03-11 03:00
300045393;1110721;2020-04-14 09:00;2020-03-11 03:00
300045393;1110721;2020-04-14 09:15;2020-03-11 03:00
300045393;1110721;2020-04-14 09:30;2020-03-11 03:00
300045393;1110721;2020-04-14 09:45;2020-03-11 03:00
300045393;1110721;2020-04-14 10:00;2020-03-11 03:00
300045393;1110721;2020-04-14 10:15;2020-03-11 03:00
300045393;1110721;2020-04-14 10:30;2020-03-11 03:00
300045393;1110721;2020-04-14 10:45;2020-03-11 03:00
300045393;1110721;2020-04-14 13:00;2020-03-11 03:00
300045393;1110721;2020-04-14 13:15;2020-03-11 03:00
300045393;1110721;2020-04-14 13:30;2020-03-11 03:00
300045393;1110721;2020-04-14 13:45;2020-03-11 03:00
300045393;1110721;2020-04-15 14:00;2020-03-11 03:00
300045393;1110721;2020-04-15 14:15;2020-03-11 03:00
300045393;1110721;2020-04-15 14:30;2020-03-11 03:00
300045393;1110721;2020-04-15 14:45;2020-03-11 03:00
300045393;1110721;2020-04-15 18:00;2020-03-11 03:00
300045393;1110721;2020-04-15 18:15;2020-03-11 03:00
300045393;1110721;2020-04-15 18:30;2020-03-11 03:00
300045393;1110721;2020-04-15 18:45;2020-03-11 03:00
300045393;1110721;2020-04-16 09:00;2020-03-11 03:00
300045393;1110721;2020-04-16 09:15;2020-03-11 03:00
300045393;1110721;2020-04-16 09:30;2020-03-11 03:00
300045393;1110721;2020-04-16 09:45;2020-03-11 03:00
300045393;1110721;2020-04-16 10:00;2020-03-11 03:00
300045393;1110721;2020-04-16 10:15;2020-03-11 03:00
300045393;1110721;2020-04-16 10:30;2020-03-11 03:00
300045393;1110721;2020-04-16 10:45;2020-03-11 03:00
300045393;1110721;2020-04-16 13:00;2020-03-11 03:00
300045393;1110721;2020-04-16 13:15;2020-03-11 03:00
300045393;1110721;2020-04-16 13:30;2020-03-11 03:00
300045393;1110721;2020-04-16 13:45;2020-03-11 03:00
300045393;1110721;2020-04-17 11:00;2020-03-11 03:00
300045393;1110721;2020-04-17 11:15;2020-03-11 03:00
300045393;1110721;2020-04-17 11:30;2020-03-11 03:00
300045393;1110721;2020-04-17 11:45;2020-03-11 03:00
300045393;1110721;2020-04-17 12:00;2020-03-11 03:00
300045393;1110721;2020-04-17 12:15;2020-03-11 03:00
300045393;1110721;2020-04-17 12:30;2020-03-11 03:00
300045393;1110721;2020-04-17 12:45;2020-03-11 03:00
300045393;1110721;2020-04-17 16:00;2020-03-11 03:00
300045393;1110721;2020-04-17 16:15;2020-03-11 03:00
300045393;1110721;2020-04-17 16:30;2020-03-11 03:00
300045393;1110721;2020-04-17 16:45;2020-03-11 03:00
300045393;1110721;2020-04-20 09:00;2020-03-11 03:00
300045393;1110721;2020-04-20 09:15;2020-03-11 03:00
300045393;1110721;2020-04-20 09:30;2020-03-11 03:00
300045393;1110721;2020-04-20 09:45;2020-03-11 03:00
300045393;1110721;2020-04-20 10:00;2020-03-11 03:00
300045393;1110721;2020-04-20 10:15;2020-03-11 03:00
300045393;1110721;2020-04-20 10:30;2020-03-11 03:00
300045393;1110721;2020-04-20 10:45;2020-03-11 03:00
300045393;1110721;2020-04-20 13:00;2020-03-11 03:00
300045393;1110721;2020-04-20 13:15;2020-03-11 03:00
300045393;1110721;2020-04-20 13:30;2020-03-11 03:00
300045393;1110721;2020-04-20 13:45;2020-03-11 03:00
300045393;1110721;2020-04-21 11:00;2020-03-11 03:00
300045393;1110721;2020-04-21 11:15;2020-03-11 03:00
300045393;1110721;2020-04-21 11:30;2020-03-11 03:00
300045393;1110721;2020-04-21 11:45;2020-03-11 03:00
300045393;1110721;2020-04-21 12:00;2020-03-11 03:00
300045393;1110721;2020-04-21 12:15;2020-03-11 03:00
300045393;1110721;2020-04-21 12:30;2020-03-11 03:00
300045393;1110721;2020-04-21 12:45;2020-03-11 03:00
300045393;1110721;2020-04-22 09:00;2020-03-11 03:00
300045393;1110721;2020-04-22 09:15;2020-03-11 03:00
300045393;1110721;2020-04-22 09:30;2020-03-11 03:00
300045393;1110721;2020-04-22 09:45;2020-03-11 03:00
300045393;1110721;2020-04-22 10:00;2020-03-11 03:00
300045393;1110721;2020-04-22 10:15;2020-03-11 03:00
300045393;1110721;2020-04-22 10:30;2020-03-11 03:00
300045393;1110721;2020-04-22 10:45;2020-03-11 03:00
300045393;1110721;2020-04-22 13:00;2020-03-11 03:00
300045393;1110721;2020-04-22 13:15;2020-03-11 03:00
300045393;1110721;2020-04-22 13:30;2020-03-11 03:00
300045393;1110721;2020-04-22 13:45;2020-03-11 03:00
300045393;1110721;2020-04-23 14:00;2020-03-11 03:00
300045393;1110721;2020-04-23 14:15;2020-03-11 03:00
300045393;1110721;2020-04-23 14:30;2020-03-11 03:00
300045393;1110721;2020-04-23 14:45;2020-03-11 03:00
300045393;1110721;2020-04-23 18:00;2020-03-11 03:00
300045393;1110721;2020-04-23 18:15;2020-03-11 03:00
300045393;1110721;2020-04-23 18:30;2020-03-11 03:00
300045393;1110721;2020-04-23 18:45;2020-03-11 03:00
300045393;1110721;2020-04-24 09:00;2020-03-11 03:00
300045393;1110721;2020-04-24 09:15;2020-03-11 03:00
300045393;1110721;2020-04-24 09:30;2020-03-11 03:00
300045393;1110721;2020-04-24 09:45;2020-03-11 03:00
300045393;1110721;2020-04-24 10:00;2020-03-11 03:00
300045393;1110721;2020-04-24 10:15;2020-03-11 03:00
300045393;1110721;2020-04-24 10:30;2020-03-11 03:00
300045393;1110721;2020-04-24 10:45;2020-03-11 03:00
300045393;1110721;2020-04-24 13:00;2020-03-11 03:00
300045393;1110721;2020-04-24 13:15;2020-03-11 03:00
300045393;1110721;2020-04-24 13:30;2020-03-11 03:00
300045393;1110721;2020-04-24 13:45;2020-03-11 03:00
300045393;1110721;2020-04-27 11:00;2020-03-11 03:00
300045393;1110721;2020-04-27 11:15;2020-03-11 03:00
300045393;1110721;2020-04-27 11:30;2020-03-11 03:00
300045393;1110721;2020-04-27 11:45;2020-03-11 03:00
300045393;1110721;2020-04-27 12:00;2020-03-11 03:00
300045393;1110721;2020-04-27 12:15;2020-03-11 03:00
300045393;1110721;2020-04-27 12:30;2020-03-11 03:00
300045393;1110721;2020-04-27 12:45;2020-03-11 03:00
300045393;1110721;2020-04-27 16:00;2020-03-11 03:00
300045393;1110721;2020-04-27 16:15;2020-03-11 03:00
300045393;1110721;2020-04-27 16:30;2020-03-11 03:00
300045393;1110721;2020-04-27 16:45;2020-03-11 03:00
300045393;1110721;2020-04-28 09:00;2020-03-11 03:00
300045393;1110721;2020-04-28 09:15;2020-03-11 03:00
300045393;1110721;2020-04-28 09:30;2020-03-11 03:00
300045393;1110721;2020-04-28 09:45;2020-03-11 03:00
300045393;1110721;2020-04-28 10:00;2020-03-11 03:00
300045393;1110721;2020-04-28 10:15;2020-03-11 03:00
300045393;1110721;2020-04-28 10:30;2020-03-11 03:00
300045393;1110721;2020-04-28 10:45;2020-03-11 03:00
300045393;1110721;2020-04-28 13:00;2020-03-11 03:00
300045393;1110721;2020-04-28 13:15;2020-03-11 03:00
300045393;1110721;2020-04-28 13:30;2020-03-11 03:00
300045393;1110721;2020-04-28 13:45;2020-03-11 03:00
300045393;1110721;2020-04-29 14:00;2020-03-11 03:00
300045393;1110721;2020-04-29 14:15;2020-03-11 03:00
300045393;1110721;2020-04-29 14:30;2020-03-11 03:00
300045393;1110721;2020-04-29 14:45;2020-03-11 03:00
300045393;1110721;2020-04-29 18:00;2020-03-11 03:00
300045393;1110721;2020-04-29 18:15;2020-03-11 03:00
300045393;1110721;2020-04-29 18:30;2020-03-11 03:00
300045393;1110721;2020-04-29 18:45;2020-03-11 03:00
300045393;1110721;2020-05-05 11:00;2020-03-11 03:00
300045393;1110721;2020-05-05 11:15;2020-03-11 03:00
300045393;1110721;2020-05-05 11:30;2020-03-11 03:00
300045393;1110721;2020-05-05 11:45;2020-03-11 03:00
300045393;1110721;2020-05-05 12:00;2020-03-11 03:00
300045393;1110721;2020-05-05 12:15;2020-03-11 03:00
300045393;1110721;2020-05-05 12:30;2020-03-11 03:00
300045393;1110721;2020-05-05 12:45;2020-03-11 03:00
300045393;1110721;2020-05-06 09:00;2020-03-11 03:00
300045393;1110721;2020-05-06 09:15;2020-03-11 03:00
300045393;1110721;2020-05-06 09:30;2020-03-11 03:00
300045393;1110721;2020-05-06 09:45;2020-03-11 03:00
300045393;1110721;2020-05-06 10:00;2020-03-11 03:00
300045393;1110721;2020-05-06 10:15;2020-03-11 03:00
300045393;1110721;2020-05-06 10:30;2020-03-11 03:00
300045393;1110721;2020-05-06 10:45;2020-03-11 03:00
300045393;1110721;2020-05-06 13:00;2020-03-11 03:00
300045393;1110721;2020-05-06 13:15;2020-03-11 03:00
300045393;1110721;2020-05-06 13:30;2020-03-11 03:00
300045393;1110721;2020-05-06 13:45;2020-03-11 03:00
300045393;1110721;2020-05-07 14:00;2020-03-11 03:00
300045393;1110721;2020-05-07 14:15;2020-03-11 03:00
300045393;1110721;2020-05-07 14:30;2020-03-11 03:00
300045393;1110721;2020-05-07 14:45;2020-03-11 03:00
300045393;1110721;2020-05-07 18:00;2020-03-11 03:00
300045393;1110721;2020-05-07 18:15;2020-03-11 03:00
300045393;1110721;2020-05-07 18:30;2020-03-11 03:00
300045393;1110721;2020-05-07 18:45;2020-03-11 03:00
300045393;1110721;2020-05-08 09:00;2020-03-11 03:00
300045393;1110721;2020-05-08 09:15;2020-03-11 03:00
300045393;1110721;2020-05-08 09:30;2020-03-11 03:00
300045393;1110721;2020-05-08 09:45;2020-03-11 03:00
300045393;1110721;2020-05-08 10:00;2020-03-11 03:00
300045393;1110721;2020-05-08 10:15;2020-03-11 03:00
300045393;1110721;2020-05-08 10:30;2020-03-11 03:00
300045393;1110721;2020-05-08 10:45;2020-03-11 03:00
300045393;1110721;2020-05-08 13:00;2020-03-11 03:00
300045393;1110721;2020-05-08 13:15;2020-03-11 03:00
300045393;1110721;2020-05-08 13:30;2020-03-11 03:00
300045393;1110721;2020-05-08 13:45;2020-03-11 03:00
300045393;1110721;2020-05-11 11:00;2020-03-11 03:00
300045393;1110721;2020-05-11 11:15;2020-03-11 03:00
300045393;1110721;2020-05-11 11:30;2020-03-11 03:00
300045393;1110721;2020-05-11 11:45;2020-03-11 03:00
300045393;1110721;2020-05-11 12:00;2020-03-11 03:00
300045393;1110721;2020-05-11 12:15;2020-03-11 03:00
300045393;1110721;2020-05-11 12:30;2020-03-11 03:00
300045393;1110721;2020-05-11 12:45;2020-03-11 03:00
300045393;1110721;2020-05-11 16:00;2020-03-11 03:00
300045393;1110721;2020-05-11 16:15;2020-03-11 03:00
300045393;1110721;2020-05-11 16:30;2020-03-11 03:00
300045393;1110721;2020-05-11 16:45;2020-03-11 03:00
300045393;1110721;2020-05-12 09:00;2020-03-11 03:00
300045393;1110721;2020-05-12 09:15;2020-03-11 03:00
300045393;1110721;2020-05-12 09:30;2020-03-11 03:00
300045393;1110721;2020-05-12 09:45;2020-03-11 03:00
300045393;1110721;2020-05-12 10:00;2020-03-11 03:00
300045393;1110721;2020-05-12 10:15;2020-03-11 03:00
300045393;1110721;2020-05-12 10:30;2020-03-11 03:00
300045393;1110721;2020-05-12 10:45;2020-03-11 03:00
300045393;1110721;2020-05-12 13:00;2020-03-11 03:00
300045393;1110721;2020-05-12 13:15;2020-03-11 03:00
300045393;1110721;2020-05-12 13:30;2020-03-11 03:00
300045393;1110721;2020-05-12 13:45;2020-03-11 03:00
300045393;1110721;2020-05-13 14:00;2020-03-11 03:00
300045393;1110721;2020-05-13 14:15;2020-03-11 03:00
300045393;1110721;2020-05-13 14:30;2020-03-11 03:00
300045393;1110721;2020-05-13 14:45;2020-03-11 03:00
300045393;1110721;2020-05-13 18:00;2020-03-11 03:00
300045393;1110721;2020-05-13 18:15;2020-03-11 03:00
300045393;1110721;2020-05-13 18:30;2020-03-11 03:00
300045393;1110721;2020-05-13 18:45;2020-03-11 03:00
300045393;1110721;2020-05-14 09:00;2020-03-11 03:00
300045393;1110721;2020-05-14 09:15;2020-03-11 03:00
300045393;1110721;2020-05-14 09:30;2020-03-11 03:00
300045393;1110721;2020-05-14 09:45;2020-03-11 03:00
300045393;1110721;2020-05-14 10:00;2020-03-11 03:00
300045393;1110721;2020-05-14 10:15;2020-03-11 03:00
300045393;1110721;2020-05-14 10:30;2020-03-11 03:00
300045393;1110721;2020-05-14 10:45;2020-03-11 03:00
300045393;1110721;2020-05-14 13:00;2020-03-11 03:00
300045393;1110721;2020-05-14 13:15;2020-03-11 03:00
300045393;1110721;2020-05-14 13:30;2020-03-11 03:00
300045393;1110721;2020-05-14 13:45;2020-03-11 03:00
300045393;1110721;2020-05-15 11:00;2020-03-11 03:00
300045393;1110721;2020-05-15 11:15;2020-03-11 03:00
300045393;1110721;2020-05-15 11:30;2020-03-11 03:00
300045393;1110721;2020-05-15 11:45;2020-03-11 03:00
300045393;1110721;2020-05-15 12:00;2020-03-11 03:00
300045393;1110721;2020-05-15 12:15;2020-03-11 03:00
300045393;1110721;2020-05-15 12:30;2020-03-11 03:00
300045393;1110721;2020-05-15 12:45;2020-03-11 03:00
300045393;1110721;2020-05-15 16:00;2020-03-11 03:00
300045393;1110721;2020-05-15 16:15;2020-03-11 03:00
300045393;1110721;2020-05-15 16:30;2020-03-11 03:00
300045393;1110721;2020-05-15 16:45;2020-03-11 03:00
300045393;1110721;2020-05-18 09:00;2020-03-11 03:00
300045393;1110721;2020-05-18 09:15;2020-03-11 03:00
300045393;1110721;2020-05-18 09:30;2020-03-11 03:00
300045393;1110721;2020-05-18 09:45;2020-03-11 03:00
300045393;1110721;2020-05-18 10:00;2020-03-11 03:00
300045393;1110721;2020-05-18 10:15;2020-03-11 03:00
300045393;1110721;2020-05-18 10:30;2020-03-11 03:00
300045393;1110721;2020-05-18 10:45;2020-03-11 03:00
300045393;1110721;2020-05-18 13:00;2020-03-11 03:00
300045393;1110721;2020-05-18 13:15;2020-03-11 03:00
300045393;1110721;2020-05-18 13:30;2020-03-11 03:00
300045393;1110721;2020-05-18 13:45;2020-03-11 03:00
300045393;1110721;2020-05-19 11:00;2020-03-11 03:00
300045393;1110721;2020-05-19 11:15;2020-03-11 03:00
300045393;1110721;2020-05-19 11:30;2020-03-11 03:00
300045393;1110721;2020-05-19 11:45;2020-03-11 03:00
300045393;1110721;2020-05-19 12:00;2020-03-11 03:00
300045393;1110721;2020-05-19 12:15;2020-03-11 03:00
300045393;1110721;2020-05-19 12:30;2020-03-11 03:00
300045393;1110721;2020-05-19 12:45;2020-03-11 03:00
300045393;1110721;2020-05-20 09:00;2020-03-11 03:00
300045393;1110721;2020-05-20 09:15;2020-03-11 03:00
300045393;1110721;2020-05-20 09:30;2020-03-11 03:00
300045393;1110721;2020-05-20 09:45;2020-03-11 03:00
300045393;1110721;2020-05-20 10:00;2020-03-11 03:00
300045393;1110721;2020-05-20 10:15;2020-03-11 03:00
300045393;1110721;2020-05-20 10:30;2020-03-11 03:00
300045393;1110721;2020-05-20 10:45;2020-03-11 03:00
300045393;1110721;2020-05-20 13:00;2020-03-11 03:00
300045393;1110721;2020-05-20 13:15;2020-03-11 03:00
300045393;1110721;2020-05-20 13:30;2020-03-11 03:00
300045393;1110721;2020-05-20 13:45;2020-03-11 03:00
300045393;1110721;2020-05-21 14:00;2020-03-11 03:00
300045393;1110721;2020-05-21 14:15;2020-03-11 03:00
300045393;1110721;2020-05-21 14:30;2020-03-11 03:00
300045393;1110721;2020-05-21 14:45;2020-03-11 03:00
300045393;1110721;2020-05-21 18:00;2020-03-11 03:00
300045393;1110721;2020-05-21 18:15;2020-03-11 03:00
300045393;1110721;2020-05-21 18:30;2020-03-11 03:00
300045393;1110721;2020-05-21 18:45;2020-03-11 03:00
300045393;1110721;2020-05-22 09:00;2020-03-11 03:00
300045393;1110721;2020-05-22 09:15;2020-03-11 03:00
300045393;1110721;2020-05-22 09:30;2020-03-11 03:00
300045393;1110721;2020-05-22 09:45;2020-03-11 03:00
300045393;1110721;2020-05-22 10:00;2020-03-11 03:00
300045393;1110721;2020-05-22 10:15;2020-03-11 03:00
300045393;1110721;2020-05-22 10:30;2020-03-11 03:00
300045393;1110721;2020-05-22 10:45;2020-03-11 03:00
300045393;1110721;2020-05-22 13:00;2020-03-11 03:00
300045393;1110721;2020-05-22 13:15;2020-03-11 03:00
300045393;1110721;2020-05-22 13:30;2020-03-11 03:00
300045393;1110721;2020-05-22 13:45;2020-03-11 03:00
300045393;1110721;2020-05-25 11:00;2020-03-11 03:00
300045393;1110721;2020-05-25 11:15;2020-03-11 03:00
300045393;1110721;2020-05-25 11:30;2020-03-11 03:00
300045393;1110721;2020-05-25 11:45;2020-03-11 03:00
300045393;1110721;2020-05-25 12:00;2020-03-11 03:00
300045393;1110721;2020-05-25 12:15;2020-03-11 03:00
300045393;1110721;2020-05-25 12:30;2020-03-11 03:00
300045393;1110721;2020-05-25 12:45;2020-03-11 03:00
300045393;1110721;2020-05-25 16:00;2020-03-11 03:00
300045393;1110721;2020-05-25 16:15;2020-03-11 03:00
300045393;1110721;2020-05-25 16:30;2020-03-11 03:00
300045393;1110721;2020-05-25 16:45;2020-03-11 03:00
300045393;1110721;2020-05-26 09:00;2020-03-11 03:00
300045393;1110721;2020-05-26 09:15;2020-03-11 03:00
300045393;1110721;2020-05-26 09:30;2020-03-11 03:00
300045393;1110721;2020-05-26 09:45;2020-03-11 03:00
300045393;1110721;2020-05-26 10:00;2020-03-11 03:00
300045393;1110721;2020-05-26 10:15;2020-03-11 03:00
300045393;1110721;2020-05-26 10:30;2020-03-11 03:00
300045393;1110721;2020-05-26 10:45;2020-03-11 03:00
300045393;1110721;2020-05-26 13:00;2020-03-11 03:00
300045393;1110721;2020-05-26 13:15;2020-03-11 03:00
300045393;1110721;2020-05-26 13:30;2020-03-11 03:00
300045393;1110721;2020-05-26 13:45;2020-03-11 03:00
300045393;1110721;2020-05-27 14:00;2020-03-11 03:00
300045393;1110721;2020-05-27 14:15;2020-03-11 03:00
300045393;1110721;2020-05-27 14:30;2020-03-11 03:00
300045393;1110721;2020-05-27 14:45;2020-03-11 03:00
300045393;1110721;2020-05-27 18:00;2020-03-11 03:00
300045393;1110721;2020-05-27 18:15;2020-03-11 03:00
300045393;1110721;2020-05-27 18:30;2020-03-11 03:00
300045393;1110721;2020-05-27 18:45;2020-03-11 03:00
300045393;1110721;2020-05-28 09:00;2020-03-11 03:00
300045393;1110721;2020-05-28 09:15;2020-03-11 03:00
300045393;1110721;2020-05-28 09:30;2020-03-11 03:00
300045393;1110721;2020-05-28 09:45;2020-03-11 03:00
300045393;1110721;2020-05-28 10:00;2020-03-11 03:00
300045393;1110721;2020-05-28 10:15;2020-03-11 03:00
300045393;1110721;2020-05-28 10:30;2020-03-11 03:00
300045393;1110721;2020-05-28 10:45;2020-03-11 03:00
300045393;1110721;2020-05-28 13:00;2020-03-11 03:00
300045393;1110721;2020-05-28 13:15;2020-03-11 03:00
300045393;1110721;2020-05-28 13:30;2020-03-11 03:00
300045393;1110721;2020-05-28 13:45;2020-03-11 03:00
300045393;1110721;2020-05-29 11:00;2020-03-11 03:00
300045393;1110721;2020-05-29 11:15;2020-03-11 03:00
300045393;1110721;2020-05-29 11:30;2020-03-11 03:00
300045393;1110721;2020-05-29 11:45;2020-03-11 03:00
300045393;1110721;2020-05-29 12:00;2020-03-11 03:00
300045393;1110721;2020-05-29 12:15;2020-03-11 03:00
300045393;1110721;2020-05-29 12:30;2020-03-11 03:00
300045393;1110721;2020-05-29 12:45;2020-03-11 03:00
300045393;1110721;2020-05-29 16:00;2020-03-11 03:00
300045393;1110721;2020-05-29 16:15;2020-03-11 03:00
300045393;1110721;2020-05-29 16:30;2020-03-11 03:00
300045393;1110721;2020-05-29 16:45;2020-03-11 03:00
300045393;1110959;2020-03-23 14:00;2020-03-11 03:00
300045393;1110959;2020-03-23 14:15;2020-03-11 03:00
300045393;1110959;2020-03-23 14:30;2020-03-11 03:00
300045393;1110959;2020-03-23 14:45;2020-03-11 03:00
300045393;1110959;2020-03-23 18:00;2020-03-11 03:00
300045393;1110959;2020-03-23 18:15;2020-03-11 03:00
300045393;1110959;2020-03-23 18:30;2020-03-11 03:00
300045393;1110959;2020-03-23 18:45;2020-03-11 03:00
300045393;1110959;2020-03-24 07:00;2020-03-11 03:00
300045393;1110959;2020-03-24 07:15;2020-03-11 03:00
300045393;1110959;2020-03-24 07:30;2020-03-11 03:00
300045393;1110959;2020-03-24 07:45;2020-03-11 03:00
300045393;1110959;2020-03-24 08:00;2020-03-11 03:00
300045393;1110959;2020-03-24 08:15;2020-03-11 03:00
300045393;1110959;2020-03-24 08:30;2020-03-11 03:00
300045393;1110959;2020-03-24 08:45;2020-03-11 03:00
300045393;1110959;2020-03-24 12:00;2020-03-11 03:00
300045393;1110959;2020-03-24 12:15;2020-03-11 03:00
300045393;1110959;2020-03-24 12:30;2020-03-11 03:00
300045393;1110959;2020-03-24 12:45;2020-03-11 03:00
300045393;1110959;2020-03-25 14:00;2020-03-11 03:00
300045393;1110959;2020-03-25 14:15;2020-03-11 03:00
300045393;1110959;2020-03-25 14:30;2020-03-11 03:00
300045393;1110959;2020-03-25 14:45;2020-03-11 03:00
300045393;1110959;2020-03-25 18:15;2020-03-11 03:00
300045393;1110959;2020-03-25 18:30;2020-03-11 03:00
300045393;1110959;2020-03-25 18:45;2020-03-11 03:00
300045393;1110959;2020-03-26 07:00;2020-03-11 03:00
300045393;1110959;2020-03-26 07:15;2020-03-11 03:00
300045393;1110959;2020-03-26 07:30;2020-03-11 03:00
300045393;1110959;2020-03-26 07:45;2020-03-11 03:00
300045393;1110959;2020-03-26 08:00;2020-03-11 03:00
300045393;1110959;2020-03-26 08:15;2020-03-11 03:00
300045393;1110959;2020-03-26 08:30;2020-03-11 03:00
300045393;1110959;2020-03-26 08:45;2020-03-11 03:00
300045393;1110959;2020-03-26 12:00;2020-03-11 03:00
300045393;1110959;2020-03-26 12:15;2020-03-11 03:00
300045393;1110959;2020-03-26 12:30;2020-03-11 03:00
300045393;1110959;2020-03-26 12:45;2020-03-11 03:00
300045393;1110959;2020-03-27 14:00;2020-03-11 03:00
300045393;1110959;2020-03-27 14:15;2020-03-11 03:00
300045393;1110959;2020-03-27 14:30;2020-03-11 03:00
300045393;1110959;2020-03-27 14:45;2020-03-11 03:00
300045393;1110959;2020-03-27 18:00;2020-03-11 03:00
300045393;1110959;2020-03-27 18:15;2020-03-11 03:00
300045393;1110959;2020-03-27 18:30;2020-03-11 03:00
300045393;1110959;2020-03-27 18:45;2020-03-11 03:00
300045393;1110959;2020-03-30 07:00;2020-03-11 03:00
300045393;1110959;2020-03-30 07:15;2020-03-11 03:00
300045393;1110959;2020-03-30 07:30;2020-03-11 03:00
300045393;1110959;2020-03-30 07:45;2020-03-11 03:00
300045393;1110959;2020-03-30 08:00;2020-03-11 03:00
300045393;1110959;2020-03-30 08:15;2020-03-11 03:00
300045393;1110959;2020-03-30 08:30;2020-03-11 03:00
300045393;1110959;2020-03-30 08:45;2020-03-11 03:00
300045393;1110959;2020-03-30 12:00;2020-03-11 03:00
300045393;1110959;2020-03-30 12:15;2020-03-11 03:00
300045393;1110959;2020-03-30 12:30;2020-03-11 03:00
300045393;1110959;2020-03-30 12:45;2020-03-11 03:00
300045393;1110959;2020-03-31 14:00;2020-03-11 03:00
300045393;1110959;2020-03-31 14:15;2020-03-11 03:00
300045393;1110959;2020-03-31 14:30;2020-03-11 03:00
300045393;1110959;2020-03-31 14:45;2020-03-11 03:00
300045393;1110959;2020-03-31 18:00;2020-03-11 03:00
300045393;1110959;2020-03-31 18:15;2020-03-11 03:00
300045393;1110959;2020-03-31 18:30;2020-03-11 03:00
300045393;1110959;2020-03-31 18:45;2020-03-11 03:00
300045393;1110959;2020-04-01 14:00;2020-03-11 03:00
300045393;1110959;2020-04-01 14:15;2020-03-11 03:00
300045393;1110959;2020-04-01 14:30;2020-03-11 03:00
300045393;1110959;2020-04-01 14:45;2020-03-11 03:00
300045393;1110959;2020-04-01 18:00;2020-03-11 03:00
300045393;1110959;2020-04-01 18:15;2020-03-11 03:00
300045393;1110959;2020-04-01 18:30;2020-03-11 03:00
300045393;1110959;2020-04-01 18:45;2020-03-11 03:00
300045393;1110959;2020-04-02 07:00;2020-03-11 03:00
300045393;1110959;2020-04-02 07:15;2020-03-11 03:00
300045393;1110959;2020-04-02 07:30;2020-03-11 03:00
300045393;1110959;2020-04-02 07:45;2020-03-11 03:00
300045393;1110959;2020-04-02 08:00;2020-03-11 03:00
300045393;1110959;2020-04-02 08:15;2020-03-11 03:00
300045393;1110959;2020-04-02 08:30;2020-03-11 03:00
300045393;1110959;2020-04-02 08:45;2020-03-11 03:00
300045393;1110959;2020-04-02 12:00;2020-03-11 03:00
300045393;1110959;2020-04-02 12:15;2020-03-11 03:00
300045393;1110959;2020-04-02 12:30;2020-03-11 03:00
300045393;1110959;2020-04-02 12:45;2020-03-11 03:00
300045393;1110959;2020-04-03 14:00;2020-03-11 03:00
300045393;1110959;2020-04-03 14:15;2020-03-11 03:00
300045393;1110959;2020-04-03 14:30;2020-03-11 03:00
300045393;1110959;2020-04-03 14:45;2020-03-11 03:00
300045393;1110959;2020-04-03 18:00;2020-03-11 03:00
300045393;1110959;2020-04-03 18:15;2020-03-11 03:00
300045393;1110959;2020-04-03 18:30;2020-03-11 03:00
300045393;1110959;2020-04-03 18:45;2020-03-11 03:00
300045393;1110959;2020-04-06 07:00;2020-03-11 03:00
300045393;1110959;2020-04-06 07:15;2020-03-11 03:00
300045393;1110959;2020-04-06 07:30;2020-03-11 03:00
300045393;1110959;2020-04-06 07:45;2020-03-11 03:00
300045393;1110959;2020-04-06 08:00;2020-03-11 03:00
300045393;1110959;2020-04-06 08:15;2020-03-11 03:00
300045393;1110959;2020-04-06 08:30;2020-03-11 03:00
300045393;1110959;2020-04-06 08:45;2020-03-11 03:00
300045393;1110959;2020-04-06 12:00;2020-03-11 03:00
300045393;1110959;2020-04-06 12:15;2020-03-11 03:00
300045393;1110959;2020-04-06 12:30;2020-03-11 03:00
300045393;1110959;2020-04-06 12:45;2020-03-11 03:00
300045393;1110959;2020-04-07 14:00;2020-03-11 03:00
300045393;1110959;2020-04-07 14:15;2020-03-11 03:00
300045393;1110959;2020-04-07 14:30;2020-03-11 03:00
300045393;1110959;2020-04-07 14:45;2020-03-11 03:00
300045393;1110959;2020-04-07 18:00;2020-03-11 03:00
300045393;1110959;2020-04-07 18:15;2020-03-11 03:00
300045393;1110959;2020-04-07 18:30;2020-03-11 03:00
300045393;1110959;2020-04-07 18:45;2020-03-11 03:00
300045393;1110959;2020-04-08 07:00;2020-03-11 03:00
300045393;1110959;2020-04-08 07:15;2020-03-11 03:00
300045393;1110959;2020-04-08 07:30;2020-03-11 03:00
300045393;1110959;2020-04-08 07:45;2020-03-11 03:00
300045393;1110959;2020-04-08 08:00;2020-03-11 03:00
300045393;1110959;2020-04-08 08:15;2020-03-11 03:00
300045393;1110959;2020-04-08 08:30;2020-03-11 03:00
300045393;1110959;2020-04-08 08:45;2020-03-11 03:00
300045393;1110959;2020-04-08 12:00;2020-03-11 03:00
300045393;1110959;2020-04-08 12:15;2020-03-11 03:00
300045393;1110959;2020-04-08 12:30;2020-03-11 03:00
300045393;1110959;2020-04-08 12:45;2020-03-11 03:00
300045393;1110959;2020-04-09 14:00;2020-03-11 03:00
300045393;1110959;2020-04-09 14:15;2020-03-11 03:00
300045393;1110959;2020-04-09 14:30;2020-03-11 03:00
300045393;1110959;2020-04-09 14:45;2020-03-11 03:00
300045393;1110959;2020-04-09 18:00;2020-03-11 03:00
300045393;1110959;2020-04-09 18:15;2020-03-11 03:00
300045393;1110959;2020-04-09 18:30;2020-03-11 03:00
300045393;1110959;2020-04-09 18:45;2020-03-11 03:00
300045393;1110959;2020-04-10 07:00;2020-03-11 03:00
300045393;1110959;2020-04-10 07:15;2020-03-11 03:00
300045393;1110959;2020-04-10 07:30;2020-03-11 03:00
300045393;1110959;2020-04-10 07:45;2020-03-11 03:00
300045393;1110959;2020-04-10 08:00;2020-03-11 03:00
300045393;1110959;2020-04-10 08:15;2020-03-11 03:00
300045393;1110959;2020-04-10 08:30;2020-03-11 03:00
300045393;1110959;2020-04-10 08:45;2020-03-11 03:00
300045393;1110959;2020-04-10 12:00;2020-03-11 03:00
300045393;1110959;2020-04-10 12:15;2020-03-11 03:00
300045393;1110959;2020-04-10 12:30;2020-03-11 03:00
300045393;1110959;2020-04-10 12:45;2020-03-11 03:00
300045393;1110959;2020-04-14 07:00;2020-03-11 03:00
300045393;1110959;2020-04-14 07:15;2020-03-11 03:00
300045393;1110959;2020-04-14 07:30;2020-03-11 03:00
300045393;1110959;2020-04-14 07:45;2020-03-11 03:00
300045393;1110959;2020-04-14 08:00;2020-03-11 03:00
300045393;1110959;2020-04-14 08:15;2020-03-11 03:00
300045393;1110959;2020-04-14 08:30;2020-03-11 03:00
300045393;1110959;2020-04-14 08:45;2020-03-11 03:00
300045393;1110959;2020-04-14 12:00;2020-03-11 03:00
300045393;1110959;2020-04-14 12:15;2020-03-11 03:00
300045393;1110959;2020-04-14 12:30;2020-03-11 03:00
300045393;1110959;2020-04-14 12:45;2020-03-11 03:00
300045393;1110959;2020-04-15 14:00;2020-03-11 03:00
300045393;1110959;2020-04-15 14:15;2020-03-11 03:00
300045393;1110959;2020-04-15 14:30;2020-03-11 03:00
300045393;1110959;2020-04-15 14:45;2020-03-11 03:00
300045393;1110959;2020-04-15 18:00;2020-03-11 03:00
300045393;1110959;2020-04-15 18:15;2020-03-11 03:00
300045393;1110959;2020-04-15 18:30;2020-03-11 03:00
300045393;1110959;2020-04-15 18:45;2020-03-11 03:00
300045393;1110959;2020-04-16 07:00;2020-03-11 03:00
300045393;1110959;2020-04-16 07:15;2020-03-11 03:00
300045393;1110959;2020-04-16 07:30;2020-03-11 03:00
300045393;1110959;2020-04-16 07:45;2020-03-11 03:00
300045393;1110959;2020-04-16 08:00;2020-03-11 03:00
300045393;1110959;2020-04-16 08:15;2020-03-11 03:00
300045393;1110959;2020-04-16 08:30;2020-03-11 03:00
300045393;1110959;2020-04-16 08:45;2020-03-11 03:00
300045393;1110959;2020-04-16 12:00;2020-03-11 03:00
300045393;1110959;2020-04-16 12:15;2020-03-11 03:00
300045393;1110959;2020-04-17 14:00;2020-03-11 03:00
300045393;1110959;2020-04-17 14:15;2020-03-11 03:00
300045393;1110959;2020-04-17 14:30;2020-03-11 03:00
300045393;1110959;2020-04-17 14:45;2020-03-11 03:00
300045393;1110959;2020-04-17 18:00;2020-03-11 03:00
300045393;1110959;2020-04-17 18:15;2020-03-11 03:00
300045393;1110959;2020-04-17 18:30;2020-03-11 03:00
300045393;1110959;2020-04-17 18:45;2020-03-11 03:00
300045393;1110959;2020-04-20 07:00;2020-03-11 03:00
300045393;1110959;2020-04-20 07:15;2020-03-11 03:00
300045393;1110959;2020-04-20 07:30;2020-03-11 03:00
300045393;1110959;2020-04-20 07:45;2020-03-11 03:00
300045393;1110959;2020-04-20 08:00;2020-03-11 03:00
300045393;1110959;2020-04-20 08:15;2020-03-11 03:00
300045393;1110959;2020-04-20 08:30;2020-03-11 03:00
300045393;1110959;2020-04-20 08:45;2020-03-11 03:00
300045393;1110959;2020-04-20 12:00;2020-03-11 03:00
300045393;1110959;2020-04-20 12:15;2020-03-11 03:00
300045393;1110959;2020-04-20 12:30;2020-03-11 03:00
300045393;1110959;2020-04-20 12:45;2020-03-11 03:00
300045393;1110959;2020-04-21 14:00;2020-03-11 03:00
300045393;1110959;2020-04-21 14:15;2020-03-11 03:00
300045393;1110959;2020-04-21 14:30;2020-03-11 03:00
300045393;1110959;2020-04-21 14:45;2020-03-11 03:00
300045393;1110959;2020-04-21 18:00;2020-03-11 03:00
300045393;1110959;2020-04-21 18:15;2020-03-11 03:00
300045393;1110959;2020-04-21 18:30;2020-03-11 03:00
300045393;1110959;2020-04-21 18:45;2020-03-11 03:00
300045393;1110959;2020-04-22 07:00;2020-03-11 03:00
300045393;1110959;2020-04-22 07:15;2020-03-11 03:00
300045393;1110959;2020-04-22 07:30;2020-03-11 03:00
300045393;1110959;2020-04-22 07:45;2020-03-11 03:00
300045393;1110959;2020-04-22 08:00;2020-03-11 03:00
300045393;1110959;2020-04-22 08:15;2020-03-11 03:00
300045393;1110959;2020-04-22 08:30;2020-03-11 03:00
300045393;1110959;2020-04-22 08:45;2020-03-11 03:00
300045393;1110959;2020-04-22 12:00;2020-03-11 03:00
300045393;1110959;2020-04-22 12:15;2020-03-11 03:00
300045393;1110959;2020-04-22 12:30;2020-03-11 03:00
300045393;1110959;2020-04-22 12:45;2020-03-11 03:00
300045393;1110959;2020-04-24 07:00;2020-03-11 03:00
300045393;1110959;2020-04-24 07:15;2020-03-11 03:00
300045393;1110959;2020-04-24 07:30;2020-03-11 03:00
300045393;1110959;2020-04-24 07:45;2020-03-11 03:00
300045393;1110959;2020-04-24 08:00;2020-03-11 03:00
300045393;1110959;2020-04-24 08:15;2020-03-11 03:00
300045393;1110959;2020-04-24 08:30;2020-03-11 03:00
300045393;1110959;2020-04-24 08:45;2020-03-11 03:00
300045393;1110959;2020-04-24 12:00;2020-03-11 03:00
300045393;1110959;2020-04-24 12:15;2020-03-11 03:00
300045393;1110959;2020-04-24 12:30;2020-03-11 03:00
300045393;1110959;2020-04-24 12:45;2020-03-11 03:00
300045393;1110959;2020-04-27 14:00;2020-03-11 03:00
300045393;1110959;2020-04-27 14:15;2020-03-11 03:00
300045393;1110959;2020-04-27 14:30;2020-03-11 03:00
300045393;1110959;2020-04-27 14:45;2020-03-11 03:00
300045393;1110959;2020-04-27 18:00;2020-03-11 03:00
300045393;1110959;2020-04-27 18:15;2020-03-11 03:00
300045393;1110959;2020-04-27 18:30;2020-03-11 03:00
300045393;1110959;2020-04-27 18:45;2020-03-11 03:00
300045393;1110959;2020-04-28 07:00;2020-03-11 03:00
300045393;1110959;2020-04-28 07:15;2020-03-11 03:00
300045393;1110959;2020-04-28 07:30;2020-03-11 03:00
300045393;1110959;2020-04-28 07:45;2020-03-11 03:00
300045393;1110959;2020-04-28 08:00;2020-03-11 03:00
300045393;1110959;2020-04-28 08:15;2020-03-11 03:00
300045393;1110959;2020-04-28 08:30;2020-03-11 03:00
300045393;1110959;2020-04-28 08:45;2020-03-11 03:00
300045393;1110959;2020-04-28 12:00;2020-03-11 03:00
300045393;1110959;2020-04-28 12:15;2020-03-11 03:00
300045393;1110959;2020-04-28 12:30;2020-03-11 03:00
300045393;1110959;2020-04-28 12:45;2020-03-11 03:00
300045393;1110959;2020-04-29 14:00;2020-03-11 03:00
300045393;1110959;2020-04-29 14:15;2020-03-11 03:00
300045393;1110959;2020-04-29 14:30;2020-03-11 03:00
300045393;1110959;2020-04-29 14:45;2020-03-11 03:00
300045393;1110959;2020-04-29 18:00;2020-03-11 03:00
300045393;1110959;2020-04-29 18:15;2020-03-11 03:00
300045393;1110959;2020-04-29 18:30;2020-03-11 03:00
300045393;1110959;2020-04-29 18:45;2020-03-11 03:00
300045393;1110959;2020-04-30 07:00;2020-03-11 03:00
300045393;1110959;2020-04-30 07:15;2020-03-11 03:00
300045393;1110959;2020-04-30 07:30;2020-03-11 03:00
300045393;1110959;2020-04-30 07:45;2020-03-11 03:00
300045393;1110959;2020-04-30 08:00;2020-03-11 03:00
300045393;1110959;2020-04-30 08:15;2020-03-11 03:00
300045393;1110959;2020-04-30 08:30;2020-03-11 03:00
300045393;1110959;2020-04-30 08:45;2020-03-11 03:00
300045393;1110959;2020-04-30 12:00;2020-03-11 03:00
300045393;1110959;2020-04-30 12:15;2020-03-11 03:00
300045393;1110959;2020-04-30 12:30;2020-03-11 03:00
300045393;1110959;2020-04-30 12:45;2020-03-11 03:00
300045393;1110959;2020-05-04 07:00;2020-03-11 03:00
300045393;1110959;2020-05-04 07:15;2020-03-11 03:00
300045393;1110959;2020-05-04 07:30;2020-03-11 03:00
300045393;1110959;2020-05-04 07:45;2020-03-11 03:00
300045393;1110959;2020-05-04 08:00;2020-03-11 03:00
300045393;1110959;2020-05-04 08:15;2020-03-11 03:00
300045393;1110959;2020-05-04 08:30;2020-03-11 03:00
300045393;1110959;2020-05-04 08:45;2020-03-11 03:00
300045393;1110959;2020-05-04 12:00;2020-03-11 03:00
300045393;1110959;2020-05-04 12:15;2020-03-11 03:00
300045393;1110959;2020-05-04 12:30;2020-03-11 03:00
300045393;1110959;2020-05-04 12:45;2020-03-11 03:00
300045393;1110959;2020-05-05 14:00;2020-03-11 03:00
300045393;1110959;2020-05-05 14:15;2020-03-11 03:00
300045393;1110959;2020-05-05 14:30;2020-03-11 03:00
300045393;1110959;2020-05-05 14:45;2020-03-11 03:00
300045393;1110959;2020-05-05 18:00;2020-03-11 03:00
300045393;1110959;2020-05-05 18:15;2020-03-11 03:00
300045393;1110959;2020-05-05 18:30;2020-03-11 03:00
300045393;1110959;2020-05-05 18:45;2020-03-11 03:00
300045393;1110959;2020-05-06 07:00;2020-03-11 03:00
300045393;1110959;2020-05-06 07:15;2020-03-11 03:00
300045393;1110959;2020-05-06 07:30;2020-03-11 03:00
300045393;1110959;2020-05-06 07:45;2020-03-11 03:00
300045393;1110959;2020-05-06 08:00;2020-03-11 03:00
300045393;1110959;2020-05-06 08:15;2020-03-11 03:00
300045393;1110959;2020-05-06 08:30;2020-03-11 03:00
300045393;1110959;2020-05-06 08:45;2020-03-11 03:00
300045393;1110959;2020-05-06 12:00;2020-03-11 03:00
300045393;1110959;2020-05-06 12:15;2020-03-11 03:00
300045393;1110959;2020-05-06 12:30;2020-03-11 03:00
300045393;1110959;2020-05-06 12:45;2020-03-11 03:00
300045393;1110959;2020-05-07 14:00;2020-03-11 03:00
300045393;1110959;2020-05-07 14:15;2020-03-11 03:00
300045393;1110959;2020-05-07 14:30;2020-03-11 03:00
300045393;1110959;2020-05-07 14:45;2020-03-11 03:00
300045393;1110959;2020-05-07 18:00;2020-03-11 03:00
300045393;1110959;2020-05-07 18:15;2020-03-11 03:00
300045393;1110959;2020-05-07 18:30;2020-03-11 03:00
300045393;1110959;2020-05-07 18:45;2020-03-11 03:00
300045393;1110959;2020-05-11 14:00;2020-03-11 03:00
300045393;1110959;2020-05-11 14:15;2020-03-11 03:00
300045393;1110959;2020-05-11 14:30;2020-03-11 03:00
300045393;1110959;2020-05-11 14:45;2020-03-11 03:00
300045393;1110959;2020-05-11 18:00;2020-03-11 03:00
300045393;1110959;2020-05-11 18:15;2020-03-11 03:00
300045393;1110959;2020-05-11 18:30;2020-03-11 03:00
300045393;1110959;2020-05-11 18:45;2020-03-11 03:00
300045393;1110959;2020-05-12 07:00;2020-03-11 03:00
300045393;1110959;2020-05-12 07:15;2020-03-11 03:00
300045393;1110959;2020-05-12 07:30;2020-03-11 03:00
300045393;1110959;2020-05-12 07:45;2020-03-11 03:00
300045393;1110959;2020-05-12 08:00;2020-03-11 03:00
300045393;1110959;2020-05-12 08:15;2020-03-11 03:00
300045393;1110959;2020-05-12 08:30;2020-03-11 03:00
300045393;1110959;2020-05-12 08:45;2020-03-11 03:00
300045393;1110959;2020-05-12 12:00;2020-03-11 03:00
300045393;1110959;2020-05-12 12:15;2020-03-11 03:00
300045393;1110959;2020-05-12 12:30;2020-03-11 03:00
300045393;1110959;2020-05-12 12:45;2020-03-11 03:00
300045393;1110959;2020-05-13 14:00;2020-03-11 03:00
300045393;1110959;2020-05-13 14:15;2020-03-11 03:00
300045393;1110959;2020-05-13 14:30;2020-03-11 03:00
300045393;1110959;2020-05-13 14:45;2020-03-11 03:00
300045393;1110959;2020-05-13 18:00;2020-03-11 03:00
300045393;1110959;2020-05-13 18:15;2020-03-11 03:00
300045393;1110959;2020-05-13 18:30;2020-03-11 03:00
300045393;1110959;2020-05-13 18:45;2020-03-11 03:00
300045393;1110959;2020-05-14 07:00;2020-03-11 03:00
300045393;1110959;2020-05-14 07:15;2020-03-11 03:00
300045393;1110959;2020-05-14 07:30;2020-03-11 03:00
300045393;1110959;2020-05-14 07:45;2020-03-11 03:00
300045393;1110959;2020-05-14 08:00;2020-03-11 03:00
300045393;1110959;2020-05-14 08:15;2020-03-11 03:00
300045393;1110959;2020-05-14 08:30;2020-03-11 03:00
300045393;1110959;2020-05-14 08:45;2020-03-11 03:00
300045393;1110959;2020-05-14 12:00;2020-03-11 03:00
300045393;1110959;2020-05-14 12:15;2020-03-11 03:00
300045393;1110959;2020-05-14 12:30;2020-03-11 03:00
300045393;1110959;2020-05-14 12:45;2020-03-11 03:00
300045393;1110959;2020-05-15 14:00;2020-03-11 03:00
300045393;1110959;2020-05-15 14:15;2020-03-11 03:00
300045393;1110959;2020-05-15 14:30;2020-03-11 03:00
300045393;1110959;2020-05-15 14:45;2020-03-11 03:00
300045393;1110959;2020-05-15 18:00;2020-03-11 03:00
300045393;1110959;2020-05-15 18:15;2020-03-11 03:00
300045393;1110959;2020-05-15 18:30;2020-03-11 03:00
300045393;1110959;2020-05-15 18:45;2020-03-11 03:00
300045393;1110959;2020-05-18 07:00;2020-03-11 03:00
300045393;1110959;2020-05-18 07:15;2020-03-11 03:00
300045393;1110959;2020-05-18 07:30;2020-03-11 03:00
300045393;1110959;2020-05-18 07:45;2020-03-11 03:00
300045393;1110959;2020-05-18 08:00;2020-03-11 03:00
300045393;1110959;2020-05-18 08:15;2020-03-11 03:00
300045393;1110959;2020-05-18 08:30;2020-03-11 03:00
300045393;1110959;2020-05-18 08:45;2020-03-11 03:00
300045393;1110959;2020-05-18 12:00;2020-03-11 03:00
300045393;1110959;2020-05-18 12:15;2020-03-11 03:00
300045393;1110959;2020-05-18 12:30;2020-03-11 03:00
300045393;1110959;2020-05-18 12:45;2020-03-11 03:00
300045393;1110959;2020-05-19 14:00;2020-03-11 03:00
300045393;1110959;2020-05-19 14:15;2020-03-11 03:00
300045393;1110959;2020-05-19 14:30;2020-03-11 03:00
300045393;1110959;2020-05-19 14:45;2020-03-11 03:00
300045393;1110959;2020-05-19 18:00;2020-03-11 03:00
300045393;1110959;2020-05-19 18:15;2020-03-11 03:00
300045393;1110959;2020-05-19 18:30;2020-03-11 03:00
300045393;1110959;2020-05-19 18:45;2020-03-11 03:00
300045393;1110959;2020-05-20 07:00;2020-03-11 03:00
300045393;1110959;2020-05-20 07:15;2020-03-11 03:00
300045393;1110959;2020-05-20 07:30;2020-03-11 03:00
300045393;1110959;2020-05-20 07:45;2020-03-11 03:00
300045393;1110959;2020-05-20 08:00;2020-03-11 03:00
300045393;1110959;2020-05-20 08:15;2020-03-11 03:00
300045393;1110959;2020-05-20 08:30;2020-03-11 03:00
300045393;1110959;2020-05-20 08:45;2020-03-11 03:00
300045393;1110959;2020-05-20 12:00;2020-03-11 03:00
300045393;1110959;2020-05-20 12:15;2020-03-11 03:00
300045393;1110959;2020-05-20 12:30;2020-03-11 03:00
300045393;1110959;2020-05-20 12:45;2020-03-11 03:00
300045393;1110959;2020-05-21 14:00;2020-03-11 03:00
300045393;1110959;2020-05-21 14:15;2020-03-11 03:00
300045393;1110959;2020-05-21 14:30;2020-03-11 03:00
300045393;1110959;2020-05-21 14:45;2020-03-11 03:00
300045393;1110959;2020-05-21 18:00;2020-03-11 03:00
300045393;1110959;2020-05-21 18:15;2020-03-11 03:00
300045393;1110959;2020-05-21 18:30;2020-03-11 03:00
300045393;1110959;2020-05-21 18:45;2020-03-11 03:00
300045393;1110959;2020-05-22 07:00;2020-03-11 03:00
300045393;1110959;2020-05-22 07:15;2020-03-11 03:00
300045393;1110959;2020-05-22 07:30;2020-03-11 03:00
300045393;1110959;2020-05-22 07:45;2020-03-11 03:00
300045393;1110959;2020-05-22 08:00;2020-03-11 03:00
300045393;1110959;2020-05-22 08:15;2020-03-11 03:00
300045393;1110959;2020-05-22 08:30;2020-03-11 03:00
300045393;1110959;2020-05-22 08:45;2020-03-11 03:00
300045393;1110959;2020-05-22 12:00;2020-03-11 03:00
300045393;1110959;2020-05-22 12:15;2020-03-11 03:00
300045393;1110959;2020-05-22 12:30;2020-03-11 03:00
300045393;1110959;2020-05-22 12:45;2020-03-11 03:00
300045393;1110959;2020-05-25 14:00;2020-03-11 03:00
300045393;1110959;2020-05-25 14:15;2020-03-11 03:00
300045393;1110959;2020-05-25 14:30;2020-03-11 03:00
300045393;1110959;2020-05-25 14:45;2020-03-11 03:00
300045393;1110959;2020-05-25 18:00;2020-03-11 03:00
300045393;1110959;2020-05-25 18:15;2020-03-11 03:00
300045393;1110959;2020-05-25 18:30;2020-03-11 03:00
300045393;1110959;2020-05-25 18:45;2020-03-11 03:00
300045393;1110959;2020-05-26 07:00;2020-03-11 03:00
300045393;1110959;2020-05-26 07:15;2020-03-11 03:00
300045393;1110959;2020-05-26 07:30;2020-03-11 03:00
300045393;1110959;2020-05-26 07:45;2020-03-11 03:00
300045393;1110959;2020-05-26 08:00;2020-03-11 03:00
300045393;1110959;2020-05-26 08:15;2020-03-11 03:00
300045393;1110959;2020-05-26 08:30;2020-03-11 03:00
300045393;1110959;2020-05-26 08:45;2020-03-11 03:00
300045393;1110959;2020-05-26 12:00;2020-03-11 03:00
300045393;1110959;2020-05-26 12:15;2020-03-11 03:00
300045393;1110959;2020-05-26 12:30;2020-03-11 03:00
300045393;1110959;2020-05-26 12:45;2020-03-11 03:00
300045393;1110959;2020-05-27 14:00;2020-03-11 03:00
300045393;1110959;2020-05-27 14:15;2020-03-11 03:00
300045393;1110959;2020-05-27 14:30;2020-03-11 03:00
300045393;1110959;2020-05-27 14:45;2020-03-11 03:00
300045393;1110959;2020-05-27 18:00;2020-03-11 03:00
300045393;1110959;2020-05-27 18:15;2020-03-11 03:00
300045393;1110959;2020-05-27 18:30;2020-03-11 03:00
300045393;1110959;2020-05-27 18:45;2020-03-11 03:00
300045393;1110959;2020-05-28 07:00;2020-03-11 03:00
300045393;1110959;2020-05-28 07:15;2020-03-11 03:00
300045393;1110959;2020-05-28 07:30;2020-03-11 03:00
300045393;1110959;2020-05-28 07:45;2020-03-11 03:00
300045393;1110959;2020-05-28 08:00;2020-03-11 03:00
300045393;1110959;2020-05-28 08:15;2020-03-11 03:00
300045393;1110959;2020-05-28 08:30;2020-03-11 03:00
300045393;1110959;2020-05-28 08:45;2020-03-11 03:00
300045393;1110959;2020-05-28 12:00;2020-03-11 03:00
300045393;1110959;2020-05-28 12:15;2020-03-11 03:00
300045393;1110959;2020-05-28 12:30;2020-03-11 03:00
300045393;1110959;2020-05-28 12:45;2020-03-11 03:00
300045393;1110959;2020-05-29 14:00;2020-03-11 03:00
300045393;1110959;2020-05-29 14:15;2020-03-11 03:00
300045393;1110959;2020-05-29 14:30;2020-03-11 03:00
300045393;1110959;2020-05-29 14:45;2020-03-11 03:00
300045393;1110959;2020-05-29 18:00;2020-03-11 03:00
300045393;1110959;2020-05-29 18:15;2020-03-11 03:00
300045393;1110959;2020-05-29 18:30;2020-03-11 03:00
300045393;1110959;2020-05-29 18:45;2020-03-11 03:00